; 1С: Бухгалтерия; 1C: Бухгалтерия; Java; Android SDK; ООП;Java; C++;Python; HTML; CSS3; vue;PostgreSQL; Redis; C#;C#;C++;SQL; Delphi; Diasoft;Разработка, сопровождение и реинжиниринг программного обеспечения Компании.;JavaScript; AngularJS; TypeScript; Bootstrap;HTML5; MongoDB; MySQL;Разрабатывать высоконагруженные системы в банковском и страховом секторе в роли fullstack Java <highlighttext>разработчика</highlighttext>. Осуществлять интеграцию продукта с различными внешними системами. ;Разработка высоконагруженных сервисов. Разработка новых сервисов и оптимизация существующих компонентов.; PHP; Objective-C; Swift;Objective-C; iOS SDK; swift; Spring Framework; Atlassian Jira;Spring Framework;PHP; Yii; Oracle Pl/SQL;, &quot;CSS; Графический дизайн; Python;Разработка и сопровождение. Работа в команде над интересным проектом. Использование git, jira, pycharm, webstorm и других инструментов.;разработка программного обеспечения для программируемого логического контроллера (PLC), для верхнего уровня (HMI – панели оператора, SCADA – системы). - участие в подготовке документации...;Участие в доработке системы в качестве консультанта SAP ABAP. Разработка и поддержка модулей SD, MM, FI, HR, CRM. ;Разработка инструментов для оптимизации создания рекламных материалов в рекламных системах.;1C_key_skills;group;predicted_group;factual_group;gr
0;0.0;0.0;0.0;0.0;0.0;0.0;0.0;0.0;0.0;0.0;0;0.0;0.0;0.0;0.0;0.0;0.0;0.0;0;0;0.0;0.0;0;0.0;0.0;0.0;0.0;0;0;0.0;0;0;0;0;0;0.0;0.0;0;0.0;0.0;0.0;0;0.0;0.0;0.0;0;0;0;0;1.0;0;0;0;1C
1;0.0;0.0;0.0;0.0;0.0;0.0;0.0;0.0;0.0;0.0;0;0.0;0.0;0.0;0.0;0.0;0.0;0.0;0;0;0.0;0.0;0;0.0;0.0;0.0;0.0;0;0;0.0;0;0;0;0;0;0.0;0.0;0;0.0;0.0;0.0;0;0.0;0.0;0.0;0;0;0;0;1.0;0;0;0;1C
2;0.0;1.0;0.0;0.0;0.0;0.0;0.0;0.0;0.0;0.0;0;0.0;0.0;0.0;0.0;0.0;0.0;0.0;0;0;0.0;0.0;0;0.0;0.0;0.0;0.0;0;0;0.0;0;0;0;0;0;0.0;0.0;0;0.0;0.0;0.0;0;0.0;0.0;0.0;0;0;0;0;1.0;0;0;0;1C
3;0.0;0.0;0.0;0.0;0.0;0.0;0.0;0.0;0.0;0.0;0;0.0;0.0;0.0;0.0;0.0;0.0;0.0;0;0;0.0;0.0;0;0.0;0.0;0.0;0.0;0;0;0.0;0;0;0;0;0;0.0;0.0;0;0.0;0.0;0.0;0;0.0;0.0;0.0;0;0;0;0;1.0;0;0;0;1C
4;0.0;1.0;0.0;0.0;0.0;0.0;0.0;0.0;0.0;0.0;0;0.0;0.0;0.0;0.0;0.0;0.0;0.0;0;0;0.0;0.0;0;0.0;0.0;0.0;0.0;0;0;0.0;0;0;0;0;0;0.0;0.0;0;0.0;0.0;0.0;0;0.0;0.0;0.0;0;0;0;0;1.0;0;0;0;1C
5;0.0;0.0;0.0;0.0;0.0;0.0;0.0;0.0;0.0;0.0;0;0.0;0.0;0.0;0.0;0.0;0.0;0.0;0;0;0.0;0.0;0;0.0;0.0;0.0;0.0;0;0;0.0;0;0;0;0;0;0.0;0.0;0;0.0;0.0;0.0;0;0.0;0.0;0.0;0;0;0;0;1.0;0;0;0;1C
6;0.0;0.0;0.0;0.0;0.0;0.0;0.0;0.0;0.0;0.0;0;0.0;0.0;0.0;0.0;0.0;0.0;0.0;0;0;0.0;0.0;0;0.0;0.0;0.0;0.0;0;0;0.0;0;0;0;0;0;0.0;0.0;0;0.0;0.0;0.0;0;0.0;0.0;0.0;0;0;0;0;1.0;0;0;0;1C
7;0.0;0.0;0.0;0.0;0.0;0.0;0.0;0.0;0.0;0.0;0;0.0;0.0;0.0;0.0;0.0;0.0;0.0;0;0;0.0;0.0;0;0.0;0.0;0.0;0.0;0;0;0.0;0;0;0;0;0;0.0;0.0;0;0.0;0.0;0.0;0;0.0;0.0;0.0;0;0;0;0;1.0;0;0;0;1C
8;0.0;0.0;0.0;0.0;0.0;0.0;0.0;0.0;0.0;0.0;0;0.0;0.0;0.0;0.0;0.0;0.0;0.0;0;0;0.0;0.0;0;0.0;0.0;0.0;0.0;0;0;0.0;0;0;0;0;0;0.0;0.0;0;0.0;0.0;0.0;0;0.0;0.0;0.0;0;0;0;0;0.0;0;11;0;1C
9;0.0;0.0;0.0;0.0;0.0;0.0;0.0;0.0;0.0;0.0;0;0.0;0.0;0.0;0.0;0.0;0.0;0.0;0;0;0.0;0.0;0;0.0;0.0;0.0;0.0;0;0;0.0;0;0;0;0;0;0.0;0.0;0;0.0;0.0;0.0;0;0.0;0.0;0.0;0;0;0;0;1.0;0;0;0;1C
10;0.0;0.0;0.0;0.0;0.0;0.0;0.0;0.0;0.0;0.0;0;0.0;0.0;0.0;0.0;0.0;0.0;0.0;0;0;0.0;0.0;0;0.0;0.0;0.0;0.0;0;0;0.0;0;0;0;0;0;0.0;0.0;0;0.0;0.0;0.0;0;0.0;0.0;0.0;0;0;0;0;1.0;0;0;0;1C
11;0.0;0.0;0.0;0.0;0.0;0.0;0.0;0.0;0.0;0.0;0;0.0;0.0;0.0;0.0;0.0;0.0;0.0;0;0;0.0;0.0;0;0.0;0.0;0.0;0.0;0;0;0.0;0;0;0;0;0;0.0;0.0;0;0.0;0.0;0.0;0;0.0;0.0;0.0;0;0;0;0;1.0;0;0;0;1C
12;0.0;0.0;0.0;0.0;0.0;0.0;0.0;0.0;0.0;0.0;0;0.0;0.0;0.0;0.0;0.0;0.0;0.0;0;0;0.0;0.0;0;0.0;0.0;0.0;0.0;0;0;0.0;0;0;0;0;0;0.0;0.0;0;0.0;0.0;0.0;0;0.0;0.0;0.0;0;0;0;0;1.0;0;0;0;1C
13;0.0;0.0;0.0;0.0;0.0;0.0;0.0;0.0;0.0;0.0;0;0.0;0.0;0.0;0.0;0.0;0.0;0.0;0;0;0.0;0.0;0;0.0;0.0;0.0;0.0;0;0;0.0;0;0;0;0;0;0.0;0.0;0;0.0;0.0;0.0;0;0.0;0.0;0.0;0;0;0;0;1.0;0;0;0;1C
14;1.0;0.0;0.0;0.0;0.0;0.0;0.0;0.0;0.0;0.0;0;0.0;0.0;0.0;0.0;0.0;0.0;0.0;0;0;0.0;0.0;0;0.0;0.0;0.0;0.0;0;0;0.0;0;0;0;0;0;0.0;0.0;0;0.0;0.0;0.0;0;0.0;0.0;0.0;0;0;0;0;1.0;0;0;0;1C
15;0.0;0.0;0.0;0.0;0.0;0.0;0.0;0.0;0.0;0.0;0;0.0;0.0;0.0;0.0;0.0;0.0;0.0;0;0;0.0;0.0;0;0.0;0.0;0.0;0.0;0;0;0.0;0;0;0;0;0;0.0;0.0;0;0.0;0.0;0.0;0;0.0;0.0;0.0;0;0;0;0;1.0;0;0;0;1C
16;0.0;1.0;0.0;0.0;0.0;0.0;0.0;0.0;0.0;0.0;0;0.0;0.0;0.0;0.0;0.0;0.0;0.0;0;0;0.0;0.0;0;0.0;0.0;0.0;0.0;0;0;0.0;0;0;0;0;0;0.0;0.0;0;0.0;0.0;0.0;0;0.0;0.0;0.0;0;0;0;0;1.0;0;0;0;1C
17;0.0;0.0;0.0;0.0;0.0;0.0;0.0;0.0;0.0;0.0;0;0.0;0.0;0.0;0.0;0.0;0.0;0.0;0;0;0.0;0.0;0;0.0;0.0;0.0;0.0;0;0;0.0;0;0;0;0;0;0.0;0.0;0;0.0;0.0;0.0;0;0.0;0.0;0.0;0;0;0;0;1.0;0;0;0;1C
18;1.0;0.0;0.0;0.0;0.0;0.0;0.0;0.0;0.0;0.0;0;0.0;0.0;0.0;0.0;0.0;0.0;0.0;0;0;0.0;0.0;0;0.0;0.0;0.0;0.0;0;0;0.0;0;0;0;0;0;0.0;0.0;0;0.0;0.0;0.0;0;0.0;0.0;0.0;0;0;0;0;1.0;0;0;0;1C
19;0.0;0.0;0.0;0.0;0.0;0.0;0.0;0.0;0.0;0.0;0;0.0;0.0;0.0;0.0;0.0;0.0;0.0;0;0;0.0;0.0;0;0.0;0.0;0.0;0.0;0;0;0.0;0;0;0;0;0;0.0;0.0;0;0.0;0.0;0.0;0;0.0;0.0;0.0;0;0;0;0;1.0;0;0;0;1C
20;0.0;0.0;0.0;0.0;0.0;0.0;0.0;0.0;0.0;0.0;0;0.0;0.0;0.0;0.0;0.0;0.0;0.0;0;0;0.0;0.0;0;0.0;0.0;0.0;0.0;0;0;0.0;0;0;0;0;0;0.0;0.0;0;0.0;0.0;0.0;0;0.0;0.0;0.0;0;0;0;0;1.0;0;0;0;1C
21;0.0;0.0;0.0;0.0;0.0;0.0;0.0;0.0;1.0;0.0;0;0.0;0.0;0.0;0.0;0.0;0.0;0.0;0;0;1.0;0.0;0;0.0;0.0;0.0;1.0;0;0;1.0;0;0;0;0;0;0.0;0.0;0;0.0;0.0;0.0;0;0.0;0.0;0.0;0;0;0;0;0.0;0;14;0;1C
22;1.0;0.0;0.0;0.0;0.0;0.0;0.0;0.0;0.0;0.0;0;0.0;0.0;0.0;0.0;0.0;0.0;0.0;0;0;0.0;0.0;0;0.0;0.0;0.0;0.0;0;0;0.0;0;0;0;0;0;0.0;0.0;0;0.0;0.0;0.0;0;0.0;0.0;0.0;0;0;0;0;1.0;0;0;0;1C
23;0.0;0.0;0.0;0.0;0.0;0.0;0.0;0.0;1.0;1.0;0;0.0;0.0;0.0;0.0;0.0;0.0;0.0;0;0;0.0;0.0;0;0.0;0.0;0.0;0.0;0;0;0.0;0;0;0;0;0;0.0;0.0;0;0.0;0.0;0.0;0;0.0;0.0;0.0;0;0;0;0;0.0;0;11;0;1C
24;0.0;0.0;0.0;0.0;0.0;0.0;0.0;0.0;0.0;0.0;0;0.0;0.0;0.0;0.0;0.0;0.0;0.0;0;0;0.0;0.0;0;0.0;0.0;0.0;0.0;0;0;0.0;0;0;0;0;0;0.0;0.0;0;0.0;0.0;0.0;0;0.0;0.0;0.0;0;0;0;0;0.0;0;11;0;1C
25;0.0;0.0;0.0;0.0;0.0;0.0;0.0;0.0;0.0;0.0;0;0.0;0.0;0.0;0.0;0.0;0.0;0.0;0;0;0.0;0.0;0;0.0;0.0;0.0;0.0;0;0;0.0;0;0;0;0;0;0.0;0.0;0;0.0;0.0;0.0;0;0.0;0.0;0.0;0;0;0;0;1.0;0;0;0;1C
26;0.0;0.0;0.0;0.0;0.0;0.0;0.0;0.0;0.0;0.0;0;0.0;0.0;0.0;0.0;0.0;0.0;0.0;0;0;0.0;0.0;0;0.0;0.0;0.0;0.0;0;0;0.0;0;0;0;0;0;0.0;0.0;0;0.0;0.0;0.0;0;0.0;0.0;0.0;0;0;0;0;0.0;0;11;0;1C
27;0.0;0.0;0.0;0.0;0.0;0.0;0.0;0.0;0.0;0.0;0;0.0;0.0;0.0;0.0;0.0;0.0;0.0;0;0;0.0;0.0;0;0.0;0.0;0.0;0.0;0;0;0.0;0;0;0;0;0;0.0;0.0;0;0.0;0.0;0.0;0;0.0;0.0;0.0;0;0;0;0;1.0;0;0;0;1C
28;0.0;0.0;0.0;0.0;0.0;0.0;0.0;0.0;0.0;0.0;0;0.0;0.0;0.0;0.0;0.0;0.0;0.0;0;0;0.0;0.0;0;0.0;0.0;0.0;0.0;0;0;0.0;0;0;0;0;0;0.0;0.0;0;0.0;0.0;0.0;0;0.0;0.0;0.0;0;0;0;0;1.0;0;0;0;1C
29;0.0;0.0;0.0;0.0;0.0;0.0;0.0;0.0;0.0;0.0;0;0.0;0.0;0.0;0.0;0.0;0.0;0.0;0;0;0.0;0.0;0;0.0;0.0;0.0;0.0;0;0;0.0;0;0;0;0;0;0.0;0.0;0;0.0;0.0;0.0;0;0.0;0.0;0.0;0;0;0;0;1.0;0;0;0;1C
30;0.0;0.0;0.0;0.0;0.0;0.0;0.0;0.0;0.0;0.0;0;0.0;0.0;0.0;0.0;0.0;0.0;0.0;0;0;0.0;0.0;0;0.0;0.0;0.0;0.0;0;0;0.0;0;0;0;0;0;0.0;0.0;0;0.0;0.0;0.0;0;0.0;0.0;0.0;0;0;0;0;1.0;0;0;0;1C
31;1.0;0.0;0.0;0.0;0.0;0.0;0.0;0.0;0.0;0.0;0;0.0;0.0;0.0;0.0;0.0;0.0;0.0;0;0;0.0;0.0;0;0.0;0.0;0.0;0.0;0;0;0.0;0;0;0;0;0;0.0;0.0;0;0.0;0.0;0.0;0;0.0;0.0;0.0;0;0;0;0;1.0;0;0;0;1C
32;0.0;0.0;0.0;0.0;0.0;0.0;0.0;0.0;0.0;0.0;0;0.0;0.0;0.0;0.0;0.0;0.0;0.0;0;0;0.0;0.0;0;0.0;0.0;0.0;0.0;0;0;0.0;0;0;0;0;0;0.0;0.0;0;0.0;0.0;0.0;0;0.0;0.0;0.0;0;0;0;0;1.0;0;0;0;1C
33;0.0;0.0;0.0;0.0;0.0;0.0;0.0;0.0;0.0;0.0;0;0.0;0.0;0.0;0.0;0.0;0.0;0.0;0;0;0.0;0.0;0;0.0;0.0;0.0;0.0;0;0;0.0;0;0;0;0;0;0.0;0.0;0;0.0;0.0;0.0;0;0.0;0.0;0.0;0;0;0;0;1.0;0;0;0;1C
34;0.0;0.0;0.0;0.0;0.0;0.0;0.0;0.0;0.0;0.0;0;0.0;0.0;0.0;0.0;0.0;0.0;0.0;0;0;0.0;0.0;0;0.0;0.0;0.0;0.0;0;0;0.0;0;0;0;0;0;0.0;0.0;0;0.0;0.0;0.0;0;0.0;0.0;0.0;0;0;0;0;1.0;0;0;0;1C
35;0.0;0.0;0.0;0.0;0.0;0.0;0.0;0.0;0.0;0.0;0;0.0;0.0;0.0;0.0;0.0;0.0;0.0;0;0;0.0;0.0;0;0.0;0.0;0.0;0.0;0;0;0.0;0;0;0;0;0;0.0;0.0;0;0.0;0.0;0.0;0;0.0;0.0;0.0;0;0;0;0;1.0;0;0;0;1C
36;0.0;0.0;0.0;0.0;1.0;0.0;0.0;0.0;0.0;0.0;0;0.0;0.0;0.0;0.0;0.0;0.0;0.0;0;0;0.0;0.0;0;0.0;0.0;0.0;1.0;0;0;0.0;0;0;0;0;0;0.0;0.0;0;0.0;1.0;0.0;0;0.0;0.0;0.0;0;0;0;0;0.0;0;10;0;1C
37;0.0;0.0;0.0;0.0;0.0;0.0;0.0;0.0;0.0;0.0;0;0.0;0.0;0.0;0.0;0.0;0.0;0.0;0;0;0.0;0.0;0;0.0;0.0;0.0;0.0;0;0;0.0;0;0;0;0;0;0.0;0.0;0;0.0;0.0;0.0;0;0.0;0.0;0.0;0;0;0;0;1.0;0;0;0;1C
38;0.0;0.0;0.0;0.0;0.0;0.0;0.0;0.0;0.0;0.0;0;0.0;0.0;0.0;0.0;0.0;0.0;0.0;0;0;0.0;0.0;0;0.0;0.0;0.0;0.0;0;0;0.0;0;0;0;0;0;0.0;0.0;0;0.0;0.0;0.0;0;0.0;0.0;0.0;0;0;0;0;1.0;0;0;0;1C
39;0.0;0.0;0.0;0.0;0.0;0.0;0.0;0.0;0.0;0.0;0;0.0;0.0;0.0;0.0;0.0;0.0;0.0;0;0;0.0;0.0;0;0.0;0.0;0.0;0.0;0;0;0.0;0;0;0;0;0;0.0;0.0;0;0.0;0.0;0.0;0;0.0;0.0;0.0;0;0;0;0;1.0;0;0;0;1C
40;0.0;0.0;0.0;0.0;0.0;0.0;0.0;0.0;0.0;0.0;0;0.0;0.0;0.0;0.0;0.0;0.0;0.0;0;0;0.0;0.0;0;0.0;0.0;0.0;0.0;0;0;0.0;0;0;0;0;0;0.0;0.0;0;0.0;0.0;0.0;0;0.0;0.0;0.0;0;0;0;0;1.0;0;0;0;1C
41;0.0;0.0;0.0;0.0;0.0;0.0;0.0;0.0;0.0;0.0;0;0.0;0.0;0.0;0.0;0.0;0.0;0.0;0;0;0.0;0.0;0;0.0;0.0;0.0;0.0;0;0;0.0;0;0;0;0;0;0.0;0.0;0;0.0;0.0;0.0;0;0.0;0.0;0.0;0;0;0;0;1.0;0;0;0;1C
42;0.0;0.0;0.0;0.0;0.0;0.0;0.0;0.0;0.0;0.0;0;0.0;0.0;0.0;0.0;0.0;0.0;0.0;0;0;0.0;0.0;0;0.0;0.0;0.0;0.0;0;0;0.0;0;0;0;0;0;0.0;0.0;0;0.0;0.0;0.0;0;0.0;0.0;0.0;0;0;0;0;1.0;0;0;0;1C
43;0.0;1.0;0.0;0.0;0.0;0.0;0.0;0.0;0.0;0.0;0;0.0;0.0;0.0;0.0;0.0;0.0;0.0;0;0;0.0;0.0;0;0.0;0.0;0.0;0.0;0;0;0.0;0;0;0;0;0;0.0;0.0;0;0.0;0.0;0.0;0;0.0;0.0;0.0;0;0;0;0;1.0;0;0;0;1C
44;1.0;0.0;0.0;0.0;0.0;0.0;0.0;0.0;0.0;0.0;0;0.0;0.0;0.0;0.0;0.0;0.0;0.0;0;0;0.0;0.0;0;0.0;0.0;0.0;0.0;0;0;0.0;0;0;0;0;0;0.0;0.0;0;0.0;0.0;0.0;0;0.0;0.0;0.0;0;0;0;0;1.0;0;0;0;1C
45;0.0;0.0;0.0;0.0;0.0;0.0;0.0;0.0;0.0;0.0;0;0.0;0.0;0.0;0.0;0.0;0.0;0.0;0;0;0.0;0.0;0;0.0;0.0;0.0;0.0;0;0;0.0;0;0;0;0;0;0.0;0.0;0;0.0;0.0;0.0;0;0.0;0.0;0.0;0;0;0;0;1.0;0;0;0;1C
46;0.0;0.0;0.0;0.0;0.0;0.0;0.0;0.0;0.0;0.0;0;0.0;0.0;0.0;0.0;0.0;0.0;0.0;0;0;0.0;0.0;0;0.0;0.0;0.0;0.0;0;0;0.0;0;0;0;0;0;0.0;0.0;0;0.0;0.0;0.0;0;0.0;0.0;0.0;0;0;0;0;1.0;0;0;0;1C
47;0.0;0.0;0.0;0.0;0.0;0.0;0.0;0.0;0.0;0.0;0;0.0;0.0;0.0;0.0;0.0;0.0;0.0;0;0;0.0;0.0;0;0.0;0.0;0.0;0.0;0;0;0.0;0;0;0;0;0;0.0;0.0;0;0.0;0.0;0.0;0;0.0;0.0;0.0;0;0;0;0;1.0;0;0;0;1C
48;0.0;0.0;0.0;0.0;0.0;0.0;0.0;0.0;0.0;0.0;0;0.0;0.0;0.0;0.0;0.0;0.0;0.0;0;0;0.0;0.0;0;0.0;0.0;0.0;0.0;0;0;0.0;0;0;0;0;0;0.0;0.0;0;0.0;0.0;0.0;0;0.0;0.0;0.0;0;0;0;0;1.0;0;0;0;1C
49;0.0;0.0;0.0;0.0;0.0;0.0;0.0;0.0;0.0;0.0;0;0.0;0.0;0.0;0.0;0.0;0.0;0.0;0;0;0.0;0.0;0;0.0;0.0;0.0;0.0;0;0;0.0;0;0;0;0;0;0.0;0.0;0;0.0;0.0;0.0;0;0.0;0.0;0.0;0;0;0;0;1.0;0;0;0;1C
50;0.0;0.0;0.0;0.0;0.0;0.0;0.0;0.0;0.0;0.0;0;0.0;0.0;0.0;0.0;0.0;0.0;0.0;0;0;0.0;0.0;0;0.0;0.0;0.0;0.0;0;0;0.0;0;0;0;0;0;0.0;0.0;0;0.0;0.0;0.0;0;0.0;0.0;0.0;0;0;0;0;1.0;0;0;0;1C
51;0.0;0.0;0.0;0.0;0.0;0.0;0.0;0.0;0.0;0.0;0;0.0;0.0;0.0;0.0;0.0;0.0;0.0;0;0;0.0;0.0;0;0.0;0.0;0.0;0.0;0;0;0.0;0;0;0;0;0;0.0;0.0;0;0.0;0.0;0.0;0;0.0;0.0;0.0;0;0;0;0;1.0;0;0;0;1C
52;0.0;0.0;0.0;0.0;0.0;0.0;0.0;0.0;0.0;0.0;0;0.0;0.0;0.0;0.0;0.0;0.0;0.0;0;0;0.0;0.0;0;0.0;0.0;0.0;0.0;0;0;0.0;0;0;0;0;0;0.0;0.0;0;0.0;0.0;0.0;0;0.0;0.0;0.0;0;0;0;0;1.0;0;0;0;1C
53;0.0;0.0;0.0;0.0;0.0;0.0;0.0;0.0;0.0;0.0;0;0.0;0.0;0.0;0.0;0.0;0.0;0.0;0;0;0.0;0.0;0;0.0;0.0;0.0;0.0;0;0;0.0;0;0;0;0;0;0.0;0.0;0;0.0;0.0;0.0;0;0.0;0.0;0.0;0;0;0;0;1.0;0;0;0;1C
54;0.0;0.0;0.0;0.0;0.0;0.0;0.0;0.0;0.0;0.0;0;0.0;0.0;0.0;0.0;0.0;0.0;0.0;0;0;0.0;0.0;0;0.0;0.0;0.0;0.0;0;0;0.0;0;0;0;0;0;0.0;0.0;0;0.0;0.0;0.0;0;0.0;0.0;0.0;0;0;0;0;1.0;0;0;0;1C
55;0.0;1.0;0.0;0.0;0.0;0.0;0.0;0.0;0.0;0.0;0;0.0;0.0;0.0;0.0;0.0;0.0;0.0;0;0;0.0;0.0;0;0.0;0.0;0.0;0.0;0;0;0.0;0;0;0;0;0;0.0;0.0;0;0.0;0.0;0.0;0;0.0;0.0;0.0;0;0;0;0;1.0;0;0;0;1C
56;0.0;0.0;0.0;0.0;0.0;0.0;0.0;0.0;0.0;0.0;0;0.0;0.0;0.0;0.0;0.0;0.0;0.0;0;0;0.0;0.0;0;0.0;0.0;0.0;0.0;0;0;0.0;0;0;0;0;0;0.0;0.0;0;0.0;0.0;0.0;0;0.0;0.0;0.0;0;0;0;0;0.0;0;11;0;1C
57;0.0;0.0;0.0;0.0;0.0;0.0;0.0;0.0;0.0;0.0;0;0.0;0.0;0.0;0.0;0.0;0.0;0.0;0;0;0.0;0.0;0;0.0;0.0;0.0;0.0;0;0;0.0;0;0;0;0;0;0.0;0.0;0;0.0;0.0;0.0;0;0.0;0.0;0.0;0;0;0;0;0.0;0;11;0;1C
58;0.0;0.0;0.0;0.0;0.0;0.0;0.0;0.0;0.0;0.0;0;0.0;0.0;0.0;0.0;0.0;0.0;0.0;0;0;0.0;0.0;0;0.0;0.0;0.0;0.0;0;0;0.0;0;0;0;0;0;0.0;0.0;0;0.0;0.0;0.0;0;0.0;0.0;0.0;0;0;0;0;1.0;0;0;0;1C
59;0.0;0.0;0.0;0.0;0.0;0.0;0.0;0.0;0.0;0.0;0;0.0;0.0;0.0;0.0;0.0;0.0;0.0;0;0;0.0;0.0;0;0.0;0.0;0.0;0.0;0;0;0.0;0;0;0;0;0;0.0;0.0;0;0.0;0.0;0.0;0;0.0;0.0;0.0;0;0;0;0;1.0;0;0;0;1C
60;0.0;0.0;0.0;0.0;0.0;0.0;0.0;0.0;0.0;0.0;0;0.0;0.0;0.0;0.0;0.0;0.0;0.0;0;0;0.0;0.0;0;0.0;0.0;0.0;0.0;0;0;0.0;0;0;0;0;0;0.0;0.0;0;0.0;0.0;0.0;0;0.0;0.0;0.0;0;0;0;0;1.0;0;0;0;1C
61;0.0;0.0;0.0;0.0;0.0;0.0;0.0;0.0;0.0;0.0;0;0.0;0.0;0.0;0.0;0.0;0.0;0.0;0;0;0.0;0.0;0;0.0;0.0;0.0;0.0;0;0;0.0;0;0;0;0;0;0.0;0.0;0;0.0;0.0;0.0;0;0.0;0.0;0.0;0;0;0;0;1.0;0;0;0;1C
62;0.0;0.0;0.0;0.0;0.0;0.0;0.0;0.0;0.0;0.0;0;0.0;0.0;0.0;0.0;0.0;0.0;0.0;0;0;0.0;0.0;0;0.0;0.0;0.0;0.0;0;0;0.0;0;0;0;0;0;0.0;0.0;0;0.0;0.0;0.0;0;0.0;0.0;0.0;0;0;0;0;1.0;0;0;0;1C
63;0.0;0.0;0.0;0.0;0.0;0.0;0.0;0.0;0.0;0.0;0;0.0;0.0;0.0;0.0;0.0;0.0;0.0;0;0;0.0;0.0;0;0.0;0.0;0.0;0.0;0;0;0.0;0;0;0;0;0;0.0;0.0;0;0.0;0.0;0.0;0;0.0;0.0;0.0;0;0;0;0;1.0;0;0;0;1C
64;0.0;0.0;0.0;0.0;0.0;0.0;0.0;0.0;0.0;0.0;0;0.0;0.0;0.0;0.0;0.0;0.0;0.0;0;0;0.0;0.0;0;0.0;0.0;0.0;0.0;0;0;0.0;0;0;0;0;0;0.0;0.0;0;0.0;0.0;0.0;0;0.0;0.0;0.0;0;0;0;0;1.0;0;0;0;1C
65;1.0;0.0;0.0;0.0;0.0;0.0;0.0;0.0;0.0;0.0;0;0.0;0.0;0.0;0.0;0.0;0.0;0.0;0;0;0.0;0.0;0;0.0;0.0;0.0;0.0;0;0;0.0;0;0;0;0;0;0.0;0.0;0;0.0;0.0;0.0;0;0.0;0.0;0.0;0;0;0;0;1.0;0;0;0;1C
66;0.0;0.0;0.0;0.0;0.0;0.0;0.0;0.0;0.0;0.0;0;0.0;0.0;0.0;0.0;0.0;0.0;0.0;0;0;0.0;0.0;0;0.0;0.0;0.0;0.0;0;0;0.0;0;0;0;0;0;0.0;0.0;0;0.0;0.0;0.0;0;0.0;0.0;0.0;0;0;0;0;1.0;0;0;0;1C
67;0.0;0.0;0.0;0.0;0.0;0.0;0.0;0.0;0.0;0.0;0;0.0;0.0;0.0;0.0;0.0;0.0;0.0;0;0;0.0;0.0;0;0.0;0.0;0.0;0.0;0;0;0.0;0;0;0;0;0;0.0;0.0;0;0.0;0.0;0.0;0;0.0;0.0;0.0;0;0;0;0;1.0;0;0;0;1C
68;1.0;0.0;0.0;0.0;0.0;0.0;0.0;0.0;0.0;0.0;0;0.0;0.0;0.0;0.0;0.0;0.0;0.0;0;0;0.0;0.0;0;0.0;0.0;0.0;0.0;0;0;0.0;0;0;0;0;0;0.0;0.0;0;0.0;0.0;0.0;0;0.0;0.0;0.0;0;0;0;0;1.0;0;0;0;1C
69;0.0;0.0;0.0;0.0;0.0;0.0;0.0;0.0;0.0;0.0;0;0.0;0.0;0.0;0.0;0.0;0.0;0.0;0;0;0.0;0.0;0;0.0;0.0;0.0;0.0;0;0;0.0;0;0;0;0;0;0.0;0.0;0;0.0;0.0;0.0;0;0.0;0.0;0.0;0;0;0;0;0.0;0;11;0;1C
70;0.0;0.0;0.0;0.0;0.0;0.0;0.0;0.0;0.0;0.0;0;0.0;0.0;0.0;0.0;0.0;0.0;0.0;0;0;0.0;0.0;0;0.0;0.0;0.0;0.0;0;0;0.0;0;0;0;0;0;0.0;0.0;0;0.0;0.0;0.0;0;0.0;0.0;0.0;0;0;0;0;1.0;0;0;0;1C
71;0.0;0.0;0.0;0.0;0.0;0.0;0.0;0.0;0.0;0.0;0;0.0;0.0;0.0;0.0;0.0;0.0;0.0;0;0;0.0;0.0;0;0.0;0.0;0.0;0.0;0;0;0.0;0;0;0;0;0;0.0;0.0;0;0.0;0.0;0.0;0;0.0;0.0;0.0;0;0;0;0;0.0;0;11;0;1C
72;0.0;0.0;0.0;0.0;0.0;0.0;0.0;0.0;0.0;0.0;0;0.0;0.0;0.0;0.0;0.0;0.0;0.0;0;0;0.0;0.0;0;0.0;0.0;0.0;0.0;0;0;0.0;0;0;0;0;0;0.0;0.0;0;0.0;0.0;0.0;0;0.0;0.0;0.0;0;0;0;0;0.0;0;11;0;1C
73;0.0;0.0;0.0;0.0;0.0;0.0;0.0;0.0;0.0;0.0;0;0.0;0.0;0.0;0.0;0.0;0.0;0.0;0;0;0.0;0.0;0;0.0;0.0;0.0;0.0;0;0;0.0;0;0;0;0;0;0.0;0.0;0;0.0;0.0;0.0;0;0.0;0.0;0.0;0;0;0;0;0.0;0;11;0;1C
74;0.0;0.0;0.0;0.0;0.0;0.0;0.0;0.0;0.0;0.0;0;0.0;0.0;0.0;0.0;0.0;0.0;0.0;0;0;0.0;0.0;0;0.0;0.0;0.0;0.0;0;0;0.0;0;0;0;0;0;0.0;0.0;0;0.0;0.0;0.0;0;0.0;0.0;0.0;0;0;0;0;0.0;0;11;0;1C
75;0.0;0.0;0.0;0.0;0.0;0.0;0.0;0.0;0.0;0.0;0;0.0;0.0;0.0;0.0;0.0;0.0;0.0;0;0;0.0;0.0;0;0.0;0.0;0.0;0.0;0;0;0.0;0;0;0;0;0;0.0;0.0;0;0.0;0.0;0.0;0;0.0;0.0;0.0;0;0;0;0;0.0;0;11;0;1C
76;0.0;0.0;0.0;0.0;0.0;0.0;0.0;0.0;0.0;0.0;0;0.0;0.0;0.0;0.0;0.0;0.0;0.0;0;0;0.0;0.0;0;0.0;0.0;0.0;0.0;0;0;0.0;0;0;0;0;0;0.0;0.0;0;0.0;0.0;0.0;0;0.0;0.0;0.0;0;0;0;0;0.0;0;11;0;1C
77;0.0;0.0;0.0;0.0;0.0;0.0;0.0;0.0;0.0;0.0;0;0.0;0.0;0.0;0.0;0.0;0.0;0.0;0;0;0.0;0.0;0;0.0;0.0;0.0;0.0;0;0;0.0;0;0;0;0;0;0.0;0.0;0;0.0;0.0;0.0;0;0.0;0.0;0.0;0;0;0;0;0.0;0;11;0;1C
78;0.0;0.0;0.0;0.0;0.0;0.0;0.0;0.0;0.0;0.0;0;0.0;0.0;0.0;0.0;0.0;0.0;0.0;0;0;0.0;0.0;0;0.0;0.0;0.0;0.0;0;0;0.0;0;0;0;0;0;0.0;0.0;0;0.0;0.0;0.0;0;0.0;0.0;0.0;0;0;0;0;0.0;0;11;0;1C
79;0.0;0.0;0.0;0.0;0.0;0.0;0.0;0.0;0.0;0.0;0;0.0;0.0;0.0;0.0;0.0;0.0;0.0;0;0;0.0;0.0;0;0.0;0.0;0.0;0.0;0;0;0.0;0;0;0;0;0;0.0;0.0;0;0.0;0.0;0.0;0;0.0;0.0;0.0;0;0;0;0;0.0;0;11;0;1C
80;0.0;0.0;0.0;0.0;0.0;0.0;0.0;0.0;0.0;0.0;0;0.0;0.0;0.0;0.0;0.0;0.0;0.0;0;0;0.0;0.0;0;0.0;0.0;0.0;0.0;0;0;0.0;0;0;0;0;0;0.0;0.0;0;0.0;0.0;0.0;0;0.0;0.0;0.0;0;0;0;0;0.0;0;11;0;1C
81;0.0;0.0;0.0;0.0;0.0;0.0;0.0;0.0;0.0;0.0;0;0.0;0.0;0.0;0.0;0.0;0.0;0.0;0;0;0.0;0.0;0;0.0;0.0;0.0;0.0;0;0;0.0;0;0;0;0;0;0.0;0.0;0;0.0;0.0;0.0;0;0.0;0.0;0.0;0;0;0;0;1.0;0;0;0;1C
82;0.0;0.0;0.0;0.0;0.0;0.0;0.0;0.0;0.0;0.0;0;0.0;0.0;0.0;0.0;0.0;0.0;0.0;0;0;0.0;0.0;0;0.0;0.0;0.0;0.0;0;0;0.0;0;0;0;0;0;0.0;0.0;0;0.0;0.0;0.0;0;0.0;0.0;0.0;0;0;0;0;0.0;0;11;0;1C
83;0.0;0.0;0.0;0.0;0.0;0.0;0.0;0.0;0.0;0.0;0;0.0;0.0;0.0;0.0;0.0;0.0;0.0;0;0;0.0;0.0;0;0.0;0.0;0.0;0.0;0;0;0.0;0;0;0;0;0;0.0;0.0;0;0.0;0.0;0.0;0;0.0;0.0;0.0;0;0;0;0;0.0;0;11;0;1C
84;0.0;0.0;0.0;0.0;0.0;0.0;0.0;0.0;0.0;0.0;0;0.0;0.0;0.0;0.0;0.0;0.0;0.0;0;0;0.0;0.0;0;0.0;0.0;0.0;0.0;0;0;0.0;0;0;0;0;0;0.0;0.0;0;0.0;0.0;0.0;0;0.0;0.0;0.0;0;0;0;0;0.0;0;11;0;1C
85;0.0;0.0;0.0;0.0;0.0;0.0;0.0;0.0;0.0;0.0;0;0.0;0.0;0.0;0.0;0.0;0.0;0.0;0;0;0.0;0.0;0;0.0;0.0;0.0;0.0;0;0;0.0;0;0;0;0;0;0.0;0.0;0;0.0;0.0;0.0;0;0.0;0.0;0.0;0;0;0;0;0.0;0;11;0;1C
86;0.0;0.0;0.0;0.0;0.0;0.0;0.0;0.0;0.0;0.0;0;0.0;0.0;0.0;0.0;0.0;0.0;0.0;0;0;0.0;0.0;0;0.0;0.0;0.0;0.0;0;0;0.0;0;0;0;0;0;0.0;0.0;0;0.0;0.0;0.0;0;0.0;0.0;0.0;0;0;0;0;0.0;0;11;0;1C
87;0.0;0.0;1.0;0.0;0.0;0.0;0.0;0.0;0.0;0.0;0;0.0;0.0;0.0;0.0;0.0;0.0;0.0;0;0;0.0;0.0;0;0.0;0.0;0.0;0.0;0;0;0.0;0;0;0;0;0;0.0;0.0;0;0.0;0.0;0.0;0;0.0;0.0;0.0;0;0;0;0;0.0;1;1;1;Android
88;0.0;0.0;1.0;1.0;0.0;0.0;0.0;0.0;0.0;0.0;0;0.0;0.0;0.0;0.0;0.0;0.0;0.0;0;0;0.0;0.0;0;0.0;0.0;0.0;0.0;0;0;0.0;0;0;0;0;0;0.0;0.0;0;0.0;0.0;0.0;0;0.0;0.0;0.0;0;0;0;0;0.0;1;1;1;Android
89;0.0;0.0;1.0;0.0;1.0;0.0;0.0;0.0;0.0;0.0;0;0.0;0.0;0.0;0.0;0.0;0.0;0.0;0;0;0.0;0.0;0;0.0;0.0;0.0;0.0;0;0;0.0;0;0;0;0;0;0.0;0.0;0;0.0;0.0;0.0;0;0.0;0.0;0.0;0;0;0;0;0.0;1;1;1;Android
90;0.0;0.0;0.0;0.0;0.0;0.0;0.0;0.0;0.0;0.0;0;0.0;0.0;0.0;0.0;0.0;0.0;0.0;0;0;0.0;0.0;0;0.0;0.0;0.0;0.0;0;0;0.0;0;0;0;0;0;0.0;0.0;0;0.0;0.0;0.0;0;0.0;0.0;0.0;0;0;0;0;0.0;1;11;1;Android
91;0.0;0.0;0.0;0.0;0.0;0.0;0.0;0.0;1.0;0.0;0;0.0;0.0;0.0;0.0;0.0;0.0;0.0;0;0;0.0;0.0;0;0.0;0.0;0.0;0.0;0;0;0.0;0;0;0;0;0;0.0;0.0;0;0.0;0.0;0.0;0;0.0;0.0;1.0;0;0;0;0;0.0;2;16;2;Backend
92;0.0;0.0;0.0;0.0;0.0;0.0;0.0;0.0;0.0;0.0;0;0.0;1.0;0.0;0.0;0.0;0.0;0.0;0;0;0.0;0.0;0;0.0;0.0;1.0;0.0;0;0;0.0;0;0;0;0;0;0.0;0.0;0;0.0;0.0;0.0;0;0.0;0.0;1.0;0;0;0;0;0.0;2;15;2;Backend
93;0.0;0.0;0.0;0.0;0.0;0.0;0.0;0.0;0.0;0.0;0;0.0;0.0;0.0;0.0;0.0;0.0;0.0;0;0;0.0;0.0;0;0.0;0.0;0.0;0.0;0;0;0.0;0;0;0;0;0;0.0;0.0;0;0.0;0.0;0.0;0;0.0;0.0;0.0;0;0;0;0;0.0;2;11;2;Backend
94;0.0;0.0;0.0;0.0;0.0;0.0;0.0;0.0;0.0;0.0;0;0.0;0.0;0.0;0.0;0.0;0.0;0.0;0;0;0.0;0.0;0;0.0;0.0;0.0;1.0;0;0;1.0;0;0;0;0;0;0.0;0.0;0;0.0;0.0;0.0;0;0.0;0.0;0.0;0;0;0;0;0.0;2;10;2;Backend
95;0.0;0.0;0.0;0.0;0.0;0.0;0.0;0.0;0.0;0.0;0;0.0;0.0;0.0;0.0;0.0;0.0;0.0;0;0;0.0;0.0;0;0.0;0.0;0.0;0.0;0;0;0.0;0;0;0;0;0;0.0;0.0;0;1.0;0.0;0.0;0;0.0;0.0;0.0;0;0;0;0;0.0;2;10;2;Backend
96;0.0;0.0;0.0;0.0;0.0;0.0;0.0;0.0;0.0;0.0;0;0.0;0.0;1.0;0.0;0.0;0.0;0.0;0;0;1.0;0.0;0;0.0;0.0;0.0;0.0;0;0;0.0;0;0;0;0;0;0.0;0.0;0;0.0;0.0;0.0;0;0.0;0.0;0.0;0;0;0;0;0.0;2;15;2;Backend
97;0.0;0.0;1.0;0.0;0.0;0.0;0.0;0.0;0.0;0.0;0;0.0;0.0;0.0;0.0;0.0;0.0;0.0;0;0;0.0;0.0;0;0.0;0.0;0.0;0.0;0;0;0.0;0;0;0;0;0;1.0;0.0;0;0.0;0.0;0.0;0;0.0;0.0;0.0;0;0;0;0;0.0;2;9;2;Backend
98;0.0;0.0;0.0;0.0;0.0;0.0;0.0;0.0;0.0;0.0;0;0.0;0.0;0.0;0.0;0.0;0.0;0.0;0;0;0.0;0.0;0;0.0;0.0;0.0;0.0;0;0;0.0;0;0;0;0;0;0.0;0.0;0;0.0;0.0;0.0;0;0.0;0.0;0.0;0;0;0;0;0.0;2;11;2;Backend
99;0.0;0.0;0.0;0.0;0.0;0.0;0.0;0.0;0.0;0.0;0;0.0;0.0;0.0;0.0;0.0;0.0;0.0;0;0;0.0;0.0;0;0.0;0.0;0.0;0.0;0;0;0.0;0;0;0;0;0;0.0;0.0;0;0.0;0.0;0.0;0;0.0;0.0;0.0;0;0;0;0;0.0;2;11;2;Backend
100;0.0;0.0;0.0;0.0;0.0;0.0;0.0;0.0;0.0;0.0;0;0.0;0.0;0.0;0.0;0.0;0.0;0.0;0;0;0.0;0.0;0;0.0;0.0;0.0;0.0;0;0;0.0;0;0;0;0;0;0.0;1.0;0;0.0;0.0;0.0;0;0.0;0.0;0.0;0;0;0;0;0.0;3;9;3;C#_C++
101;0.0;0.0;0.0;0.0;0.0;0.0;0.0;0.0;0.0;0.0;0;0.0;0.0;0.0;0.0;1.0;0.0;0.0;0;0;0.0;0.0;0;0.0;0.0;0.0;0.0;0;0;0.0;0;0;0;0;0;0.0;0.0;0;0.0;0.0;0.0;0;0.0;0.0;0.0;0;0;0;0;0.0;3;3;3;C#_C++
102;0.0;0.0;0.0;0.0;0.0;0.0;0.0;0.0;0.0;0.0;0;0.0;0.0;0.0;0.0;0.0;0.0;0.0;0;0;1.0;1.0;0;0.0;0.0;0.0;0.0;0;0;0.0;0;0;0;0;0;0.0;0.0;0;0.0;0.0;0.0;0;0.0;0.0;0.0;0;0;0;0;0.0;3;6;3;C#_C++
103;0.0;0.0;0.0;0.0;0.0;0.0;0.0;0.0;0.0;0.0;0;0.0;0.0;0.0;0.0;1.0;0.0;0.0;0;0;0.0;0.0;0;0.0;0.0;0.0;0.0;0;0;0.0;0;0;0;0;0;0.0;0.0;0;0.0;0.0;0.0;0;0.0;0.0;0.0;0;0;0;0;0.0;3;3;3;C#_C++
104;0.0;0.0;0.0;0.0;0.0;0.0;0.0;0.0;0.0;0.0;0;0.0;0.0;0.0;0.0;1.0;0.0;0.0;0;0;0.0;0.0;0;0.0;0.0;0.0;0.0;0;0;0.0;0;0;0;0;0;0.0;0.0;0;0.0;0.0;0.0;0;0.0;0.0;0.0;0;0;0;0;0.0;3;3;3;C#_C++
105;0.0;0.0;0.0;0.0;1.0;0.0;0.0;0.0;0.0;0.0;0;0.0;0.0;1.0;1.0;1.0;0.0;0.0;0;0;0.0;0.0;0;0.0;0.0;0.0;0.0;0;0;0.0;0;0;0;0;0;0.0;0.0;0;0.0;0.0;0.0;0;0.0;0.0;0.0;0;0;0;0;0.0;3;3;3;C#_C++
106;0.0;0.0;0.0;0.0;0.0;0.0;0.0;0.0;0.0;0.0;0;0.0;0.0;0.0;0.0;0.0;0.0;0.0;0;0;0.0;0.0;0;0.0;0.0;0.0;0.0;0;0;0.0;0;0;0;0;0;0.0;0.0;0;0.0;0.0;0.0;0;0.0;0.0;0.0;0;0;0;0;0.0;3;11;3;C#_C++
107;0.0;0.0;0.0;0.0;0.0;0.0;0.0;0.0;0.0;0.0;0;0.0;0.0;0.0;1.0;0.0;0.0;0.0;0;0;0.0;0.0;0;0.0;0.0;0.0;0.0;0;0;0.0;0;0;0;0;0;0.0;0.0;0;0.0;0.0;0.0;0;0.0;0.0;0.0;0;0;0;0;0.0;3;3;3;C#_C++
108;0.0;0.0;0.0;0.0;0.0;0.0;0.0;0.0;0.0;0.0;0;0.0;0.0;0.0;1.0;0.0;0.0;0.0;0;0;0.0;0.0;0;0.0;0.0;0.0;0.0;0;0;0.0;0;0;0;0;0;0.0;0.0;0;0.0;0.0;0.0;0;0.0;0.0;0.0;0;0;0;0;0.0;3;3;3;C#_C++
109;0.0;0.0;0.0;0.0;0.0;0.0;0.0;0.0;0.0;0.0;0;0.0;0.0;0.0;1.0;0.0;0.0;0.0;0;0;0.0;0.0;0;0.0;0.0;0.0;0.0;0;0;0.0;0;0;0;0;0;0.0;0.0;0;0.0;0.0;0.0;0;0.0;0.0;0.0;0;0;0;0;0.0;3;3;3;C#_C++
110;0.0;0.0;0.0;0.0;1.0;0.0;0.0;0.0;0.0;0.0;0;0.0;0.0;1.0;1.0;1.0;0.0;0.0;0;0;0.0;0.0;0;0.0;0.0;0.0;0.0;0;0;0.0;0;0;0;0;0;0.0;0.0;0;0.0;0.0;0.0;0;0.0;0.0;0.0;0;0;0;0;0.0;3;3;3;C#_C++
111;0.0;0.0;0.0;0.0;0.0;0.0;0.0;0.0;0.0;0.0;0;0.0;0.0;0.0;0.0;1.0;0.0;0.0;0;0;0.0;0.0;0;0.0;0.0;0.0;0.0;0;0;0.0;0;0;0;0;0;0.0;0.0;0;0.0;0.0;0.0;0;0.0;0.0;0.0;0;0;0;0;0.0;3;3;3;C#_C++
112;0.0;0.0;0.0;0.0;0.0;0.0;0.0;0.0;0.0;0.0;0;0.0;0.0;1.0;0.0;0.0;0.0;0.0;0;0;0.0;0.0;0;0.0;0.0;0.0;0.0;0;0;0.0;0;0;0;0;0;0.0;0.0;0;0.0;0.0;0.0;0;0.0;0.0;0.0;0;0;0;0;0.0;3;3;3;C#_C++
113;0.0;0.0;0.0;0.0;0.0;0.0;0.0;0.0;0.0;0.0;0;0.0;0.0;0.0;1.0;0.0;0.0;0.0;0;0;0.0;0.0;0;0.0;0.0;0.0;1.0;0;0;0.0;0;0;0;0;0;0.0;0.0;0;0.0;0.0;0.0;0;0.0;0.0;0.0;0;0;0;0;0.0;3;3;3;C#_C++
114;0.0;0.0;0.0;0.0;1.0;0.0;0.0;0.0;0.0;0.0;0;0.0;0.0;1.0;0.0;0.0;0.0;0.0;0;0;0.0;0.0;0;0.0;0.0;0.0;0.0;0;0;0.0;0;0;0;0;0;0.0;0.0;0;0.0;0.0;0.0;0;0.0;0.0;0.0;0;0;0;0;0.0;3;3;3;C#_C++
115;0.0;0.0;0.0;0.0;0.0;0.0;0.0;0.0;0.0;0.0;0;0.0;0.0;0.0;0.0;0.0;0.0;0.0;0;0;0.0;0.0;0;0.0;0.0;0.0;0.0;0;0;0.0;0;0;0;0;0;0.0;0.0;0;0.0;0.0;0.0;0;0.0;0.0;0.0;0;0;0;0;0.0;3;11;3;C#_C++
116;0.0;0.0;0.0;0.0;1.0;0.0;0.0;0.0;0.0;0.0;0;0.0;0.0;0.0;0.0;0.0;0.0;0.0;0;0;0.0;0.0;0;0.0;0.0;0.0;0.0;0;0;0.0;0;0;0;0;0;0.0;0.0;0;0.0;0.0;0.0;0;0.0;0.0;0.0;0;0;0;0;0.0;3;11;3;C#_C++
117;0.0;0.0;0.0;0.0;0.0;0.0;0.0;0.0;0.0;0.0;0;0.0;0.0;0.0;1.0;0.0;0.0;0.0;0;0;0.0;0.0;0;0.0;0.0;0.0;0.0;0;0;0.0;0;0;0;0;0;0.0;0.0;0;0.0;0.0;0.0;0;0.0;0.0;0.0;0;0;0;0;0.0;3;3;3;C#_C++
118;0.0;0.0;0.0;0.0;1.0;0.0;0.0;0.0;0.0;0.0;0;0.0;0.0;1.0;1.0;1.0;0.0;0.0;0;0;0.0;0.0;0;0.0;0.0;0.0;0.0;0;0;0.0;0;0;0;0;0;0.0;0.0;0;0.0;0.0;0.0;0;0.0;0.0;0.0;0;0;0;0;0.0;3;3;3;C#_C++
119;0.0;0.0;0.0;0.0;1.0;0.0;0.0;0.0;0.0;0.0;0;0.0;0.0;1.0;0.0;0.0;0.0;0.0;0;0;0.0;0.0;0;0.0;0.0;0.0;0.0;0;0;0.0;0;0;0;0;0;0.0;0.0;0;0.0;0.0;0.0;0;0.0;0.0;0.0;0;0;0;0;0.0;3;3;3;C#_C++
120;0.0;0.0;0.0;0.0;1.0;0.0;1.0;0.0;0.0;0.0;0;0.0;0.0;0.0;0.0;0.0;0.0;0.0;0;0;0.0;0.0;0;0.0;0.0;0.0;0.0;0;0;0.0;0;0;0;0;0;0.0;0.0;0;0.0;0.0;0.0;0;0.0;0.0;0.0;0;0;0;0;0.0;3;3;3;C#_C++
121;0.0;0.0;0.0;0.0;0.0;0.0;0.0;0.0;0.0;0.0;0;0.0;0.0;0.0;0.0;1.0;0.0;0.0;0;0;0.0;0.0;0;0.0;0.0;0.0;0.0;0;0;0.0;0;0;0;0;0;0.0;0.0;0;0.0;0.0;0.0;0;0.0;0.0;0.0;0;0;0;0;0.0;3;3;3;C#_C++
122;0.0;0.0;0.0;0.0;1.0;0.0;0.0;0.0;0.0;0.0;0;0.0;0.0;1.0;1.0;1.0;0.0;0.0;0;0;0.0;0.0;0;0.0;0.0;0.0;0.0;0;0;0.0;0;0;0;0;0;0.0;0.0;0;0.0;0.0;0.0;0;0.0;0.0;0.0;0;0;0;0;0.0;3;3;3;C#_C++
123;0.0;0.0;0.0;0.0;1.0;0.0;0.0;0.0;0.0;0.0;0;0.0;0.0;1.0;1.0;1.0;0.0;0.0;0;0;0.0;0.0;0;0.0;0.0;0.0;0.0;0;0;0.0;0;0;0;0;0;0.0;0.0;0;0.0;0.0;0.0;0;0.0;0.0;0.0;0;0;0;0;0.0;3;3;3;C#_C++
124;0.0;0.0;0.0;0.0;1.0;0.0;0.0;0.0;0.0;0.0;0;0.0;0.0;0.0;0.0;1.0;0.0;0.0;0;0;0.0;0.0;0;0.0;0.0;0.0;0.0;0;0;0.0;0;0;0;0;0;0.0;0.0;0;0.0;0.0;0.0;0;0.0;0.0;0.0;0;0;0;0;0.0;3;3;3;C#_C++
125;0.0;0.0;0.0;0.0;0.0;0.0;0.0;0.0;0.0;0.0;0;0.0;0.0;0.0;0.0;1.0;0.0;0.0;0;0;0.0;0.0;0;0.0;0.0;0.0;0.0;0;0;0.0;0;0;0;0;0;0.0;0.0;0;0.0;0.0;0.0;0;0.0;0.0;0.0;0;0;0;0;0.0;3;3;3;C#_C++
126;0.0;0.0;0.0;0.0;0.0;0.0;1.0;0.0;0.0;0.0;0;0.0;0.0;0.0;0.0;0.0;0.0;0.0;0;0;0.0;0.0;0;0.0;0.0;0.0;0.0;0;0;0.0;0;0;0;0;0;0.0;0.0;0;0.0;0.0;0.0;0;0.0;0.0;0.0;0;0;0;0;0.0;3;3;3;C#_C++
127;0.0;0.0;0.0;0.0;0.0;0.0;1.0;0.0;0.0;0.0;0;0.0;0.0;0.0;1.0;0.0;0.0;0.0;0;0;0.0;0.0;0;0.0;0.0;0.0;0.0;0;0;0.0;0;0;0;0;0;0.0;0.0;0;0.0;0.0;0.0;0;0.0;0.0;0.0;0;0;0;0;0.0;3;3;3;C#_C++
128;0.0;0.0;0.0;0.0;1.0;0.0;0.0;0.0;0.0;0.0;0;0.0;0.0;1.0;1.0;1.0;0.0;0.0;0;0;0.0;0.0;0;0.0;0.0;0.0;0.0;0;0;0.0;0;0;0;0;0;0.0;0.0;0;0.0;0.0;0.0;0;0.0;0.0;0.0;0;0;0;0;0.0;3;3;3;C#_C++
129;0.0;0.0;0.0;0.0;0.0;0.0;1.0;0.0;0.0;0.0;0;0.0;0.0;1.0;0.0;0.0;0.0;0.0;0;0;0.0;0.0;0;0.0;0.0;0.0;0.0;0;0;0.0;0;0;0;0;0;0.0;0.0;0;0.0;0.0;0.0;0;0.0;0.0;0.0;0;0;0;0;0.0;3;3;3;C#_C++
130;0.0;0.0;0.0;0.0;0.0;0.0;0.0;0.0;0.0;0.0;0;0.0;0.0;0.0;0.0;0.0;0.0;0.0;0;0;0.0;0.0;0;0.0;0.0;0.0;0.0;0;0;0.0;0;0;0;0;0;0.0;0.0;0;0.0;0.0;0.0;0;0.0;0.0;0.0;0;0;0;0;0.0;3;11;3;C#_C++
131;0.0;0.0;0.0;0.0;0.0;0.0;0.0;0.0;0.0;0.0;0;0.0;0.0;0.0;0.0;1.0;0.0;0.0;0;0;0.0;0.0;0;0.0;0.0;0.0;0.0;0;0;0.0;0;0;0;0;0;0.0;0.0;0;0.0;0.0;0.0;0;0.0;0.0;0.0;0;0;0;0;0.0;3;3;3;C#_C++
132;0.0;0.0;0.0;0.0;0.0;0.0;0.0;0.0;0.0;0.0;0;0.0;0.0;1.0;0.0;0.0;0.0;0.0;0;0;0.0;0.0;0;0.0;0.0;0.0;0.0;0;0;0.0;0;0;0;0;0;0.0;0.0;0;0.0;0.0;0.0;0;0.0;0.0;0.0;0;0;0;0;0.0;3;3;3;C#_C++
133;0.0;0.0;0.0;0.0;0.0;0.0;1.0;0.0;0.0;0.0;0;0.0;0.0;0.0;0.0;0.0;0.0;0.0;0;0;0.0;0.0;0;0.0;0.0;0.0;0.0;0;0;0.0;0;0;0;0;0;0.0;0.0;0;0.0;0.0;0.0;0;0.0;0.0;0.0;0;0;0;0;0.0;3;3;3;C#_C++
134;0.0;0.0;0.0;0.0;0.0;0.0;0.0;0.0;0.0;0.0;0;0.0;0.0;1.0;0.0;0.0;0.0;0.0;0;0;0.0;0.0;0;0.0;0.0;0.0;0.0;0;0;0.0;0;0;0;0;0;0.0;0.0;0;0.0;0.0;0.0;0;0.0;0.0;0.0;0;0;0;0;0.0;3;3;3;C#_C++
135;0.0;0.0;0.0;0.0;0.0;0.0;0.0;0.0;0.0;0.0;0;0.0;0.0;0.0;1.0;0.0;0.0;0.0;0;0;0.0;0.0;0;0.0;0.0;0.0;0.0;0;0;0.0;0;0;0;0;0;0.0;0.0;0;0.0;0.0;0.0;0;0.0;0.0;0.0;0;0;0;0;0.0;3;3;3;C#_C++
136;0.0;0.0;0.0;0.0;0.0;0.0;0.0;0.0;1.0;0.0;0;0.0;0.0;1.0;0.0;0.0;0.0;0.0;0;0;0.0;0.0;0;0.0;0.0;0.0;0.0;0;0;0.0;0;0;0;0;0;0.0;0.0;0;0.0;0.0;0.0;0;0.0;0.0;0.0;0;0;0;0;0.0;3;3;3;C#_C++
137;0.0;0.0;0.0;0.0;1.0;0.0;0.0;0.0;0.0;0.0;0;0.0;0.0;1.0;1.0;1.0;0.0;0.0;0;0;0.0;0.0;0;0.0;0.0;0.0;0.0;0;0;0.0;0;0;0;0;0;0.0;0.0;0;0.0;0.0;0.0;0;0.0;0.0;0.0;0;0;0;0;0.0;3;3;3;C#_C++
138;0.0;0.0;0.0;0.0;0.0;0.0;0.0;0.0;0.0;0.0;0;0.0;0.0;0.0;0.0;1.0;0.0;0.0;0;0;0.0;0.0;0;0.0;0.0;0.0;0.0;0;0;0.0;0;0;0;0;0;0.0;0.0;0;0.0;0.0;0.0;0;0.0;0.0;0.0;0;0;0;0;0.0;3;3;3;C#_C++
139;0.0;0.0;0.0;0.0;1.0;0.0;0.0;0.0;0.0;0.0;0;0.0;0.0;1.0;1.0;1.0;0.0;0.0;0;0;0.0;0.0;0;0.0;0.0;0.0;0.0;0;0;0.0;0;0;0;0;0;0.0;0.0;0;0.0;0.0;0.0;0;0.0;0.0;0.0;0;0;0;0;0.0;3;3;3;C#_C++
140;0.0;0.0;0.0;0.0;1.0;0.0;0.0;0.0;0.0;0.0;0;0.0;0.0;0.0;0.0;0.0;0.0;0.0;0;0;0.0;0.0;0;0.0;0.0;0.0;0.0;0;0;0.0;0;0;0;0;0;0.0;0.0;0;0.0;0.0;0.0;0;0.0;0.0;0.0;0;0;0;0;0.0;3;11;3;C#_C++
141;0.0;0.0;0.0;0.0;1.0;0.0;0.0;0.0;0.0;0.0;0;0.0;0.0;1.0;0.0;0.0;0.0;0.0;0;0;0.0;0.0;0;0.0;0.0;0.0;0.0;0;0;0.0;0;0;0;0;0;0.0;0.0;0;0.0;0.0;0.0;0;0.0;0.0;0.0;0;0;0;0;0.0;3;3;3;C#_C++
142;0.0;0.0;0.0;0.0;1.0;0.0;0.0;0.0;0.0;0.0;0;0.0;0.0;0.0;1.0;0.0;0.0;0.0;0;0;0.0;0.0;0;0.0;0.0;0.0;0.0;0;0;0.0;0;0;0;0;0;0.0;0.0;0;0.0;0.0;0.0;0;0.0;0.0;0.0;0;0;0;0;0.0;3;3;3;C#_C++
143;0.0;0.0;0.0;0.0;0.0;0.0;0.0;0.0;0.0;0.0;0;0.0;0.0;0.0;0.0;0.0;0.0;0.0;0;0;0.0;0.0;0;0.0;0.0;0.0;0.0;0;0;0.0;0;0;0;0;0;0.0;0.0;0;0.0;0.0;0.0;0;0.0;0.0;0.0;0;0;0;0;0.0;3;11;3;C#_C++
144;0.0;0.0;0.0;0.0;0.0;0.0;0.0;0.0;0.0;0.0;0;0.0;0.0;1.0;0.0;0.0;0.0;0.0;0;0;0.0;0.0;0;0.0;0.0;0.0;0.0;0;0;0.0;0;0;0;0;0;0.0;0.0;0;0.0;0.0;0.0;0;0.0;0.0;0.0;0;0;0;0;0.0;3;3;3;C#_C++
145;0.0;0.0;0.0;0.0;0.0;0.0;0.0;0.0;0.0;0.0;0;0.0;0.0;0.0;0.0;0.0;0.0;0.0;0;0;0.0;0.0;0;0.0;0.0;0.0;0.0;0;0;0.0;0;0;0;0;0;0.0;0.0;0;0.0;0.0;0.0;0;0.0;0.0;0.0;0;0;0;0;0.0;3;11;3;C#_C++
146;0.0;0.0;0.0;0.0;1.0;0.0;0.0;0.0;0.0;0.0;0;0.0;0.0;0.0;1.0;0.0;0.0;0.0;0;0;0.0;0.0;0;0.0;0.0;0.0;0.0;0;0;0.0;0;0;0;0;0;0.0;0.0;0;0.0;0.0;0.0;0;0.0;0.0;0.0;0;0;0;0;0.0;3;3;3;C#_C++
147;0.0;0.0;0.0;0.0;0.0;0.0;0.0;0.0;0.0;0.0;0;0.0;0.0;0.0;0.0;1.0;0.0;0.0;0;0;0.0;0.0;0;0.0;0.0;0.0;0.0;0;0;0.0;0;0;0;0;0;0.0;0.0;0;0.0;0.0;0.0;0;0.0;0.0;0.0;0;0;0;0;0.0;3;3;3;C#_C++
148;0.0;0.0;0.0;0.0;0.0;0.0;0.0;0.0;0.0;0.0;0;0.0;0.0;1.0;0.0;0.0;0.0;0.0;0;0;0.0;0.0;0;0.0;0.0;0.0;0.0;0;0;0.0;0;0;0;0;0;0.0;0.0;0;0.0;0.0;0.0;0;0.0;0.0;0.0;0;0;0;0;0.0;3;3;3;C#_C++
149;0.0;0.0;0.0;0.0;0.0;0.0;1.0;0.0;0.0;0.0;0;0.0;0.0;0.0;0.0;0.0;0.0;0.0;0;0;0.0;0.0;0;0.0;0.0;0.0;0.0;0;0;0.0;0;0;0;0;0;0.0;0.0;0;0.0;0.0;0.0;0;0.0;0.0;0.0;0;0;0;0;0.0;3;3;3;C#_C++
150;0.0;0.0;0.0;0.0;0.0;0.0;0.0;0.0;0.0;0.0;0;0.0;0.0;0.0;1.0;0.0;0.0;0.0;0;0;0.0;0.0;0;0.0;0.0;0.0;0.0;0;0;0.0;0;0;0;0;0;0.0;0.0;0;0.0;0.0;0.0;0;0.0;0.0;0.0;0;0;0;0;0.0;3;3;3;C#_C++
151;0.0;0.0;0.0;0.0;1.0;0.0;0.0;0.0;0.0;0.0;0;0.0;0.0;0.0;0.0;1.0;0.0;0.0;0;0;0.0;0.0;0;0.0;0.0;0.0;0.0;0;0;0.0;0;0;0;0;0;0.0;0.0;0;0.0;0.0;0.0;0;0.0;0.0;0.0;0;0;0;0;0.0;3;3;3;C#_C++
152;0.0;0.0;0.0;0.0;0.0;0.0;0.0;0.0;0.0;0.0;0;0.0;0.0;0.0;0.0;1.0;0.0;0.0;0;0;0.0;0.0;0;0.0;0.0;0.0;0.0;0;0;0.0;0;0;0;0;0;0.0;0.0;0;0.0;0.0;0.0;0;0.0;0.0;0.0;0;0;0;0;0.0;3;3;3;C#_C++
153;0.0;0.0;0.0;0.0;0.0;0.0;0.0;0.0;0.0;0.0;0;0.0;0.0;0.0;0.0;0.0;0.0;0.0;0;0;0.0;0.0;0;0.0;0.0;0.0;0.0;0;0;0.0;0;0;0;0;0;0.0;0.0;0;0.0;0.0;0.0;0;0.0;0.0;0.0;0;0;0;0;0.0;3;11;3;C#_C++
154;0.0;0.0;0.0;0.0;1.0;0.0;0.0;0.0;0.0;0.0;0;0.0;0.0;1.0;1.0;1.0;0.0;0.0;0;0;0.0;0.0;0;0.0;0.0;0.0;0.0;0;0;0.0;0;0;0;0;0;0.0;0.0;0;0.0;0.0;0.0;0;0.0;0.0;0.0;0;0;0;0;0.0;3;3;3;C#_C++
155;0.0;0.0;0.0;0.0;0.0;0.0;0.0;0.0;0.0;0.0;0;0.0;0.0;0.0;0.0;0.0;0.0;0.0;0;0;0.0;0.0;0;0.0;0.0;0.0;0.0;0;0;0.0;0;0;0;0;0;0.0;0.0;0;0.0;0.0;0.0;0;0.0;0.0;0.0;0;0;0;0;0.0;3;11;3;C#_C++
156;0.0;0.0;0.0;0.0;0.0;0.0;0.0;0.0;0.0;0.0;0;0.0;0.0;0.0;0.0;0.0;0.0;0.0;0;0;0.0;0.0;0;0.0;0.0;0.0;0.0;0;0;0.0;0;0;0;0;0;0.0;0.0;0;0.0;0.0;0.0;0;0.0;0.0;0.0;0;0;0;0;0.0;3;11;3;C#_C++
157;0.0;0.0;0.0;0.0;0.0;0.0;0.0;0.0;0.0;0.0;0;0.0;0.0;0.0;0.0;0.0;0.0;0.0;0;0;0.0;0.0;0;0.0;0.0;0.0;0.0;0;0;0.0;0;0;0;0;0;0.0;0.0;0;0.0;0.0;0.0;0;0.0;0.0;0.0;0;0;0;0;0.0;3;11;3;C#_C++
158;0.0;0.0;0.0;0.0;0.0;0.0;0.0;0.0;0.0;0.0;0;0.0;0.0;0.0;0.0;0.0;0.0;0.0;0;0;0.0;0.0;0;0.0;0.0;0.0;0.0;0;0;0.0;0;0;0;0;0;0.0;0.0;0;0.0;0.0;0.0;0;0.0;0.0;0.0;0;0;0;0;0.0;3;11;3;C#_C++
159;0.0;0.0;0.0;0.0;0.0;0.0;0.0;0.0;0.0;0.0;0;0.0;0.0;0.0;0.0;0.0;0.0;0.0;0;0;0.0;0.0;0;0.0;0.0;0.0;0.0;0;0;0.0;0;0;0;0;0;0.0;0.0;0;0.0;0.0;0.0;0;0.0;0.0;0.0;0;0;0;0;0.0;3;11;3;C#_C++
160;0.0;0.0;0.0;0.0;0.0;0.0;0.0;0.0;0.0;0.0;0;0.0;0.0;0.0;0.0;0.0;0.0;0.0;0;0;0.0;0.0;0;0.0;0.0;0.0;0.0;0;0;0.0;0;0;0;0;0;0.0;0.0;0;0.0;0.0;0.0;0;0.0;0.0;0.0;0;0;0;0;0.0;3;11;3;C#_C++
161;0.0;0.0;0.0;0.0;0.0;0.0;0.0;0.0;0.0;0.0;0;0.0;0.0;0.0;0.0;0.0;0.0;0.0;0;0;0.0;0.0;0;0.0;0.0;0.0;0.0;0;0;0.0;0;0;0;0;0;0.0;0.0;0;0.0;0.0;0.0;0;0.0;0.0;0.0;0;0;0;0;0.0;3;11;3;C#_C++
162;0.0;0.0;0.0;0.0;1.0;0.0;0.0;0.0;0.0;0.0;0;0.0;0.0;1.0;1.0;1.0;0.0;0.0;0;0;0.0;0.0;0;0.0;0.0;0.0;0.0;0;0;0.0;0;0;0;0;0;0.0;0.0;0;0.0;0.0;0.0;0;0.0;0.0;0.0;0;0;0;0;0.0;3;3;3;C#_C++
163;0.0;0.0;0.0;0.0;1.0;0.0;0.0;0.0;0.0;0.0;0;0.0;0.0;1.0;1.0;1.0;0.0;0.0;0;0;0.0;0.0;0;0.0;0.0;0.0;0.0;0;0;0.0;0;0;0;0;0;0.0;0.0;0;0.0;0.0;0.0;0;0.0;0.0;0.0;0;0;0;0;0.0;3;3;3;C#_C++
164;0.0;0.0;0.0;0.0;0.0;0.0;0.0;0.0;0.0;0.0;0;0.0;0.0;0.0;0.0;0.0;0.0;0.0;0;0;0.0;0.0;0;0.0;0.0;0.0;0.0;0;0;0.0;0;0;0;0;0;0.0;0.0;0;0.0;0.0;0.0;0;0.0;0.0;0.0;0;0;0;0;0.0;3;11;3;C#_C++
165;0.0;0.0;0.0;0.0;0.0;0.0;0.0;0.0;0.0;0.0;0;0.0;0.0;0.0;0.0;0.0;0.0;0.0;0;0;0.0;0.0;0;0.0;0.0;0.0;0.0;0;0;0.0;0;0;0;0;0;0.0;0.0;0;0.0;0.0;0.0;0;0.0;0.0;0.0;0;0;0;0;0.0;3;11;3;C#_C++
166;0.0;0.0;0.0;0.0;0.0;0.0;0.0;0.0;0.0;0.0;0;0.0;0.0;0.0;0.0;0.0;0.0;0.0;0;0;0.0;0.0;0;0.0;0.0;0.0;0.0;0;0;0.0;0;0;0;0;0;0.0;0.0;0;0.0;0.0;0.0;0;0.0;0.0;0.0;0;0;0;0;0.0;3;11;3;C#_C++
167;0.0;0.0;0.0;0.0;0.0;0.0;0.0;0.0;0.0;0.0;0;0.0;0.0;0.0;0.0;0.0;0.0;0.0;0;0;0.0;0.0;0;0.0;0.0;0.0;0.0;0;0;0.0;0;0;0;0;0;0.0;0.0;0;0.0;0.0;0.0;0;0.0;0.0;0.0;0;0;0;0;0.0;3;11;3;C#_C++
168;0.0;0.0;0.0;0.0;0.0;0.0;0.0;0.0;0.0;0.0;0;0.0;0.0;0.0;0.0;0.0;0.0;0.0;0;0;0.0;0.0;0;0.0;0.0;0.0;0.0;0;0;0.0;0;0;0;0;0;0.0;0.0;0;0.0;0.0;0.0;0;0.0;0.0;0.0;0;0;0;0;0.0;3;11;3;C#_C++
169;0.0;0.0;0.0;0.0;0.0;0.0;0.0;0.0;0.0;0.0;0;0.0;0.0;0.0;0.0;0.0;0.0;0.0;0;0;0.0;0.0;0;0.0;0.0;0.0;0.0;0;0;0.0;0;0;0;0;0;0.0;0.0;0;0.0;0.0;0.0;0;0.0;0.0;0.0;0;0;0;0;0.0;3;11;3;C#_C++
170;0.0;0.0;0.0;0.0;0.0;0.0;0.0;0.0;0.0;0.0;0;0.0;0.0;0.0;0.0;0.0;0.0;0.0;0;0;0.0;0.0;0;0.0;0.0;0.0;0.0;0;0;0.0;0;0;0;0;0;0.0;0.0;0;0.0;0.0;0.0;0;0.0;0.0;0.0;0;0;0;0;0.0;3;11;3;C#_C++
171;0.0;0.0;0.0;0.0;0.0;0.0;0.0;0.0;0.0;0.0;0;0.0;0.0;0.0;0.0;0.0;0.0;0.0;0;0;0.0;0.0;0;0.0;0.0;0.0;0.0;0;0;0.0;0;0;0;0;0;0.0;0.0;0;0.0;0.0;0.0;0;0.0;0.0;0.0;0;0;0;0;0.0;3;11;3;C#_C++
172;0.0;0.0;0.0;0.0;0.0;0.0;0.0;0.0;0.0;0.0;0;0.0;0.0;0.0;0.0;0.0;0.0;0.0;0;0;0.0;0.0;0;0.0;0.0;0.0;0.0;0;0;0.0;0;0;0;0;0;0.0;0.0;0;0.0;0.0;0.0;0;0.0;0.0;0.0;0;0;0;0;0.0;3;11;3;C#_C++
173;0.0;0.0;0.0;0.0;0.0;0.0;0.0;0.0;0.0;0.0;0;0.0;0.0;0.0;0.0;0.0;0.0;0.0;0;0;0.0;0.0;0;0.0;0.0;0.0;0.0;0;0;0.0;0;0;0;0;0;0.0;0.0;0;0.0;0.0;0.0;0;0.0;0.0;0.0;0;0;0;0;0.0;3;11;3;C#_C++
174;0.0;0.0;0.0;0.0;0.0;0.0;0.0;0.0;0.0;0.0;0;0.0;0.0;0.0;0.0;0.0;0.0;0.0;0;0;0.0;0.0;0;0.0;0.0;0.0;0.0;0;0;0.0;0;0;0;0;0;0.0;0.0;0;0.0;0.0;0.0;0;0.0;0.0;0.0;0;0;0;0;0.0;3;11;3;C#_C++
175;0.0;0.0;0.0;0.0;1.0;0.0;0.0;0.0;0.0;0.0;0;0.0;0.0;0.0;0.0;0.0;1.0;1.0;0;0;0.0;0.0;0;0.0;0.0;0.0;0.0;0;0;0.0;0;0;0;0;0;0.0;0.0;0;0.0;0.0;1.0;0;0.0;0.0;0.0;0;0;0;0;0.0;4;13;4;Delphi
176;0.0;0.0;0.0;0.0;1.0;0.0;0.0;0.0;0.0;0.0;0;0.0;0.0;0.0;0.0;0.0;1.0;1.0;0;0;0.0;0.0;0;0.0;0.0;0.0;0.0;0;0;0.0;0;0;0;0;0;0.0;0.0;0;0.0;0.0;1.0;0;0.0;0.0;0.0;0;0;0;0;0.0;4;13;4;Delphi
177;0.0;0.0;0.0;0.0;1.0;0.0;0.0;0.0;0.0;0.0;0;0.0;0.0;0.0;0.0;0.0;1.0;1.0;0;0;0.0;0.0;0;0.0;0.0;0.0;0.0;0;0;0.0;0;0;0;0;0;0.0;0.0;0;0.0;0.0;1.0;0;0.0;0.0;0.0;0;0;0;0;0.0;4;13;4;Delphi
178;0.0;0.0;0.0;0.0;1.0;0.0;0.0;0.0;0.0;0.0;0;0.0;0.0;0.0;0.0;0.0;1.0;1.0;0;0;0.0;0.0;0;0.0;0.0;0.0;0.0;0;0;0.0;0;0;0;0;0;0.0;0.0;0;0.0;0.0;1.0;0;0.0;0.0;0.0;0;0;0;0;0.0;4;13;4;Delphi
179;0.0;0.0;0.0;0.0;0.0;0.0;0.0;0.0;0.0;0.0;0;0.0;0.0;0.0;0.0;0.0;0.0;0.0;0;0;0.0;0.0;0;0.0;0.0;0.0;0.0;0;0;0.0;0;0;0;0;0;0.0;0.0;0;0.0;0.0;0.0;0;0.0;0.0;0.0;0;0;0;0;0.0;5;11;5;Erlang_Elixir
180;0.0;0.0;0.0;0.0;0.0;0.0;0.0;0.0;1.0;0.0;0;0.0;0.0;0.0;0.0;0.0;0.0;0.0;0;0;1.0;0.0;0;0.0;0.0;0.0;0.0;0;0;0.0;0;0;0;0;0;0.0;0.0;0;0.0;0.0;0.0;0;0.0;0.0;0.0;0;0;0;0;0.0;6;11;6;Frontend
181;0.0;0.0;0.0;0.0;0.0;0.0;0.0;0.0;1.0;0.0;0;0.0;0.0;0.0;0.0;0.0;0.0;0.0;0;0;1.0;0.0;0;0.0;0.0;0.0;0.0;0;0;0.0;0;0;0;0;0;0.0;0.0;0;0.0;0.0;0.0;0;0.0;0.0;0.0;0;0;0;0;0.0;6;11;6;Frontend
182;0.0;0.0;0.0;0.0;0.0;0.0;0.0;0.0;0.0;0.0;0;0.0;0.0;0.0;0.0;0.0;0.0;0.0;0;0;0.0;0.0;0;0.0;0.0;0.0;0.0;0;0;0.0;0;0;0;0;0;0.0;0.0;0;0.0;0.0;0.0;0;0.0;0.0;0.0;0;0;0;0;0.0;6;11;6;Frontend
183;0.0;0.0;0.0;0.0;0.0;0.0;0.0;0.0;1.0;0.0;0;0.0;0.0;0.0;0.0;0.0;0.0;0.0;0;0;1.0;0.0;0;1.0;0.0;0.0;0.0;0;0;0.0;0;0;0;0;0;0.0;0.0;0;0.0;0.0;0.0;0;0.0;0.0;0.0;0;0;0;0;0.0;6;6;6;Frontend
184;0.0;0.0;0.0;0.0;0.0;0.0;0.0;0.0;0.0;0.0;0;0.0;0.0;0.0;0.0;0.0;0.0;0.0;0;0;0.0;0.0;0;0.0;0.0;0.0;0.0;0;0;0.0;0;0;0;0;0;0.0;0.0;0;0.0;0.0;0.0;0;0.0;0.0;0.0;0;0;0;0;0.0;6;11;6;Frontend
185;0.0;0.0;0.0;0.0;0.0;0.0;0.0;0.0;1.0;0.0;0;0.0;0.0;0.0;0.0;0.0;0.0;0.0;0;0;0.0;0.0;0;0.0;0.0;0.0;0.0;0;0;0.0;0;0;0;0;0;0.0;0.0;0;0.0;0.0;0.0;0;0.0;0.0;0.0;0;0;0;0;0.0;6;11;6;Frontend
186;0.0;0.0;0.0;0.0;1.0;0.0;0.0;0.0;1.0;0.0;0;0.0;0.0;0.0;0.0;0.0;0.0;0.0;0;0;0.0;0.0;0;0.0;0.0;0.0;0.0;0;0;0.0;0;0;0;0;0;0.0;0.0;0;1.0;0.0;0.0;0;0.0;0.0;0.0;0;0;0;0;0.0;6;10;6;Frontend
187;0.0;0.0;0.0;0.0;1.0;0.0;0.0;0.0;1.0;0.0;0;0.0;0.0;0.0;0.0;0.0;0.0;0.0;0;0;0.0;0.0;0;0.0;0.0;0.0;0.0;0;0;0.0;0;0;0;0;0;0.0;0.0;0;0.0;0.0;0.0;0;0.0;0.0;0.0;0;0;0;0;0.0;6;11;6;Frontend
188;0.0;0.0;0.0;0.0;0.0;0.0;0.0;0.0;1.0;0.0;0;0.0;0.0;0.0;0.0;0.0;0.0;0.0;0;0;1.0;0.0;0;0.0;0.0;0.0;0.0;0;0;0.0;0;0;0;0;0;0.0;0.0;0;0.0;0.0;0.0;0;0.0;0.0;0.0;0;0;0;0;0.0;6;11;6;Frontend
189;0.0;0.0;0.0;0.0;0.0;0.0;0.0;0.0;0.0;1.0;0;0.0;0.0;0.0;0.0;0.0;0.0;0.0;0;0;0.0;0.0;0;0.0;0.0;0.0;0.0;0;0;0.0;0;0;0;0;0;0.0;0.0;0;0.0;0.0;0.0;0;0.0;0.0;0.0;0;0;0;0;0.0;6;11;6;Frontend
190;0.0;0.0;0.0;0.0;0.0;0.0;0.0;0.0;1.0;0.0;0;0.0;0.0;0.0;0.0;0.0;0.0;0.0;0;0;1.0;0.0;0;0.0;0.0;0.0;0.0;0;0;0.0;0;0;0;0;0;0.0;0.0;0;0.0;0.0;0.0;0;0.0;0.0;0.0;0;0;0;0;0.0;6;11;6;Frontend
191;0.0;0.0;0.0;0.0;0.0;0.0;0.0;0.0;0.0;1.0;0;0.0;0.0;0.0;0.0;0.0;0.0;0.0;0;0;0.0;0.0;0;0.0;0.0;0.0;0.0;0;0;0.0;0;0;0;0;0;0.0;0.0;0;0.0;0.0;0.0;0;0.0;0.0;0.0;0;0;0;0;0.0;6;11;6;Frontend
192;0.0;0.0;0.0;0.0;1.0;0.0;0.0;0.0;0.0;1.0;0;0.0;0.0;0.0;0.0;0.0;0.0;0.0;0;0;0.0;0.0;0;0.0;0.0;0.0;1.0;0;0;0.0;0;0;0;0;0;0.0;0.0;0;0.0;0.0;0.0;0;0.0;0.0;0.0;0;0;0;0;0.0;6;11;6;Frontend
193;0.0;0.0;0.0;0.0;0.0;0.0;0.0;0.0;0.0;0.0;0;0.0;0.0;0.0;0.0;0.0;0.0;0.0;0;0;0.0;0.0;0;0.0;0.0;0.0;0.0;0;0;0.0;0;0;0;0;0;0.0;0.0;0;0.0;0.0;0.0;0;0.0;0.0;0.0;0;0;0;0;0.0;6;11;6;Frontend
194;0.0;0.0;0.0;0.0;0.0;0.0;0.0;0.0;0.0;0.0;0;0.0;0.0;0.0;0.0;0.0;0.0;0.0;0;0;0.0;0.0;0;0.0;0.0;0.0;0.0;0;0;0.0;0;0;0;0;0;0.0;0.0;0;0.0;0.0;0.0;0;0.0;0.0;0.0;0;0;0;0;0.0;6;11;6;Frontend
195;0.0;0.0;0.0;0.0;0.0;0.0;0.0;0.0;1.0;0.0;0;0.0;0.0;0.0;0.0;0.0;0.0;0.0;0;0;0.0;0.0;0;0.0;0.0;1.0;0.0;0;0;0.0;0;0;0;0;0;0.0;0.0;0;0.0;0.0;0.0;0;0.0;0.0;0.0;0;0;0;0;0.0;6;11;6;Frontend
196;0.0;0.0;0.0;0.0;0.0;0.0;0.0;0.0;0.0;0.0;0;0.0;0.0;0.0;0.0;0.0;0.0;0.0;0;0;1.0;0.0;0;0.0;0.0;0.0;0.0;0;0;0.0;0;0;0;0;0;0.0;0.0;0;0.0;0.0;0.0;0;0.0;0.0;0.0;0;0;0;0;0.0;6;11;6;Frontend
197;0.0;0.0;0.0;0.0;0.0;0.0;0.0;0.0;1.0;0.0;0;0.0;0.0;0.0;0.0;0.0;0.0;0.0;0;0;1.0;0.0;0;0.0;0.0;0.0;0.0;0;0;0.0;0;0;0;0;0;0.0;0.0;0;0.0;0.0;0.0;0;0.0;0.0;0.0;0;0;0;0;0.0;6;11;6;Frontend
198;0.0;0.0;0.0;0.0;0.0;0.0;0.0;0.0;1.0;0.0;0;0.0;0.0;0.0;0.0;0.0;0.0;0.0;0;0;0.0;0.0;0;0.0;0.0;0.0;0.0;0;0;0.0;0;0;0;0;0;0.0;0.0;0;0.0;0.0;0.0;0;0.0;0.0;0.0;0;0;0;0;0.0;6;11;6;Frontend
199;0.0;0.0;0.0;0.0;0.0;0.0;0.0;0.0;0.0;1.0;0;0.0;0.0;0.0;0.0;0.0;0.0;0.0;0;0;0.0;0.0;0;0.0;0.0;0.0;0.0;0;0;0.0;0;0;0;0;0;0.0;0.0;0;0.0;0.0;0.0;0;0.0;0.0;0.0;0;0;0;0;0.0;6;11;6;Frontend
200;0.0;0.0;0.0;0.0;0.0;0.0;0.0;0.0;1.0;0.0;0;0.0;0.0;0.0;0.0;0.0;0.0;0.0;0;0;1.0;0.0;0;0.0;0.0;0.0;0.0;0;0;0.0;0;0;0;0;0;0.0;0.0;0;0.0;0.0;0.0;0;0.0;0.0;0.0;0;0;0;0;0.0;6;11;6;Frontend
201;0.0;0.0;0.0;0.0;0.0;0.0;0.0;0.0;0.0;0.0;0;0.0;0.0;0.0;0.0;0.0;0.0;0.0;0;0;0.0;0.0;0;0.0;0.0;0.0;0.0;0;0;0.0;0;0;0;0;0;0.0;0.0;0;0.0;0.0;0.0;0;1.0;0.0;0.0;0;0;0;0;0.0;6;11;6;Frontend
202;0.0;0.0;0.0;0.0;0.0;0.0;0.0;0.0;1.0;0.0;0;0.0;0.0;0.0;0.0;0.0;0.0;0.0;0;0;1.0;0.0;0;0.0;0.0;0.0;0.0;0;0;0.0;0;0;0;0;0;0.0;0.0;0;0.0;0.0;0.0;0;0.0;0.0;0.0;0;0;0;0;0.0;6;11;6;Frontend
203;0.0;0.0;0.0;0.0;1.0;0.0;0.0;0.0;1.0;1.0;0;0.0;0.0;0.0;0.0;0.0;0.0;0.0;0;0;0.0;0.0;0;0.0;0.0;0.0;0.0;0;0;0.0;0;0;0;0;0;0.0;0.0;0;0.0;0.0;0.0;0;1.0;0.0;0.0;0;0;0;0;0.0;6;11;6;Frontend
204;0.0;0.0;0.0;0.0;0.0;0.0;0.0;0.0;0.0;1.0;0;0.0;0.0;0.0;0.0;0.0;0.0;0.0;0;0;0.0;0.0;0;0.0;1.0;0.0;1.0;0;0;0.0;0;0;0;0;0;0.0;0.0;0;0.0;0.0;0.0;0;0.0;0.0;0.0;0;0;0;0;0.0;6;11;6;Frontend
205;0.0;0.0;0.0;0.0;0.0;0.0;0.0;0.0;1.0;0.0;0;0.0;0.0;0.0;0.0;0.0;0.0;0.0;0;0;0.0;0.0;0;0.0;0.0;0.0;0.0;0;0;0.0;0;0;0;0;0;0.0;0.0;0;0.0;0.0;0.0;0;0.0;0.0;1.0;0;0;0;0;0.0;6;16;6;Frontend
206;0.0;0.0;0.0;0.0;0.0;0.0;0.0;0.0;0.0;1.0;0;0.0;0.0;0.0;0.0;0.0;0.0;0.0;0;0;0.0;0.0;0;0.0;0.0;0.0;0.0;0;0;0.0;0;0;0;0;0;0.0;0.0;0;0.0;0.0;0.0;0;0.0;0.0;0.0;0;0;0;0;0.0;6;11;6;Frontend
207;0.0;0.0;0.0;0.0;0.0;0.0;0.0;0.0;1.0;0.0;0;0.0;0.0;0.0;0.0;0.0;0.0;0.0;0;0;1.0;0.0;0;0.0;0.0;0.0;0.0;0;0;0.0;0;0;0;0;0;0.0;0.0;0;0.0;0.0;0.0;0;0.0;0.0;0.0;0;0;0;0;0.0;6;11;6;Frontend
208;0.0;0.0;0.0;0.0;0.0;0.0;0.0;0.0;1.0;0.0;0;0.0;0.0;0.0;0.0;0.0;0.0;0.0;0;0;1.0;0.0;0;0.0;0.0;0.0;0.0;0;0;0.0;0;0;0;0;0;0.0;0.0;0;0.0;0.0;0.0;0;0.0;0.0;0.0;0;0;0;0;0.0;6;11;6;Frontend
209;0.0;0.0;0.0;0.0;1.0;0.0;0.0;0.0;0.0;0.0;0;0.0;0.0;0.0;0.0;0.0;0.0;0.0;0;0;1.0;0.0;0;0.0;0.0;0.0;0.0;0;0;0.0;0;0;0;0;0;0.0;0.0;0;0.0;0.0;0.0;0;0.0;0.0;0.0;0;0;0;0;0.0;6;7;6;Frontend
210;0.0;0.0;0.0;0.0;0.0;0.0;0.0;0.0;0.0;0.0;0;0.0;0.0;0.0;0.0;0.0;0.0;0.0;0;0;1.0;0.0;0;0.0;0.0;0.0;0.0;0;0;0.0;0;0;0;0;0;0.0;0.0;0;0.0;0.0;0.0;0;0.0;0.0;0.0;0;0;0;0;0.0;6;11;6;Frontend
211;0.0;0.0;0.0;0.0;0.0;0.0;0.0;0.0;1.0;0.0;0;0.0;0.0;0.0;0.0;0.0;0.0;0.0;0;0;1.0;0.0;0;0.0;0.0;0.0;0.0;0;0;0.0;0;0;0;0;0;0.0;0.0;0;0.0;0.0;0.0;0;0.0;0.0;0.0;0;0;0;0;0.0;6;11;6;Frontend
212;0.0;0.0;0.0;0.0;0.0;0.0;0.0;0.0;1.0;0.0;0;0.0;0.0;0.0;0.0;0.0;0.0;0.0;0;0;1.0;0.0;0;0.0;0.0;0.0;0.0;0;0;0.0;0;0;0;0;0;0.0;0.0;0;0.0;0.0;0.0;0;0.0;0.0;0.0;0;0;0;0;0.0;6;11;6;Frontend
213;0.0;0.0;0.0;0.0;0.0;0.0;0.0;0.0;0.0;0.0;0;0.0;0.0;0.0;0.0;0.0;0.0;0.0;0;0;0.0;0.0;0;0.0;0.0;0.0;0.0;0;0;0.0;0;0;0;0;0;0.0;0.0;0;0.0;0.0;0.0;0;0.0;0.0;0.0;0;0;0;0;0.0;6;11;6;Frontend
214;0.0;0.0;0.0;0.0;0.0;0.0;0.0;0.0;1.0;0.0;0;0.0;0.0;0.0;0.0;0.0;0.0;0.0;0;0;1.0;0.0;0;0.0;0.0;0.0;0.0;0;0;0.0;0;0;0;0;0;0.0;0.0;0;0.0;0.0;0.0;0;0.0;0.0;0.0;0;0;0;0;0.0;6;11;6;Frontend
215;0.0;0.0;0.0;0.0;0.0;0.0;0.0;0.0;1.0;0.0;0;0.0;0.0;0.0;0.0;0.0;0.0;0.0;0;0;1.0;0.0;0;0.0;0.0;0.0;0.0;0;0;0.0;0;0;0;0;0;0.0;0.0;0;0.0;0.0;0.0;0;0.0;0.0;0.0;0;0;0;0;0.0;6;11;6;Frontend
216;0.0;0.0;0.0;0.0;0.0;0.0;0.0;0.0;0.0;0.0;0;0.0;0.0;0.0;0.0;0.0;0.0;0.0;0;0;0.0;0.0;0;0.0;0.0;0.0;0.0;0;0;0.0;0;0;0;0;0;0.0;0.0;0;0.0;0.0;0.0;0;0.0;0.0;0.0;0;0;0;0;0.0;6;11;6;Frontend
217;0.0;0.0;0.0;0.0;0.0;0.0;0.0;0.0;1.0;0.0;0;0.0;0.0;0.0;0.0;0.0;0.0;0.0;0;0;1.0;0.0;0;0.0;0.0;0.0;0.0;0;0;0.0;0;0;0;0;0;0.0;0.0;0;0.0;0.0;0.0;0;0.0;0.0;0.0;0;0;0;0;0.0;6;11;6;Frontend
218;0.0;0.0;0.0;0.0;0.0;0.0;0.0;0.0;1.0;0.0;0;0.0;0.0;0.0;0.0;0.0;0.0;0.0;0;0;1.0;0.0;0;0.0;0.0;0.0;0.0;0;0;0.0;0;0;0;0;0;0.0;0.0;0;0.0;0.0;0.0;0;0.0;0.0;0.0;0;0;0;0;0.0;6;11;6;Frontend
219;0.0;0.0;0.0;0.0;0.0;0.0;0.0;0.0;0.0;0.0;0;0.0;0.0;0.0;0.0;0.0;0.0;0.0;0;0;0.0;0.0;0;0.0;0.0;0.0;0.0;0;0;0.0;0;0;0;0;0;0.0;0.0;0;0.0;0.0;0.0;0;0.0;0.0;0.0;0;0;0;0;0.0;6;11;6;Frontend
220;0.0;0.0;0.0;0.0;0.0;0.0;0.0;0.0;0.0;0.0;0;0.0;0.0;0.0;0.0;0.0;0.0;0.0;0;0;0.0;0.0;0;0.0;0.0;0.0;0.0;0;0;0.0;0;0;0;0;0;0.0;0.0;0;0.0;0.0;0.0;0;0.0;0.0;0.0;0;0;0;0;0.0;6;11;6;Frontend
221;0.0;0.0;0.0;0.0;0.0;0.0;0.0;0.0;1.0;0.0;0;0.0;0.0;0.0;0.0;0.0;0.0;0.0;0;0;1.0;0.0;0;0.0;0.0;0.0;0.0;0;0;0.0;0;0;0;0;0;0.0;0.0;0;0.0;0.0;0.0;0;0.0;0.0;0.0;0;0;0;0;0.0;6;11;6;Frontend
222;0.0;0.0;0.0;0.0;0.0;0.0;0.0;0.0;1.0;0.0;0;0.0;0.0;0.0;0.0;0.0;0.0;0.0;0;0;1.0;0.0;0;0.0;0.0;0.0;0.0;0;0;0.0;0;0;0;0;0;0.0;0.0;0;0.0;0.0;0.0;0;0.0;0.0;0.0;0;0;0;0;0.0;6;11;6;Frontend
223;0.0;0.0;0.0;0.0;0.0;0.0;0.0;0.0;0.0;0.0;0;0.0;0.0;0.0;0.0;0.0;0.0;0.0;0;0;0.0;0.0;0;0.0;0.0;0.0;0.0;0;0;0.0;0;0;0;0;0;0.0;0.0;0;0.0;0.0;0.0;0;0.0;0.0;0.0;0;0;0;0;0.0;6;11;6;Frontend
224;0.0;0.0;0.0;0.0;0.0;0.0;0.0;0.0;1.0;0.0;0;0.0;0.0;0.0;0.0;0.0;0.0;0.0;0;0;1.0;0.0;0;0.0;0.0;0.0;0.0;0;0;0.0;0;0;0;0;0;0.0;0.0;0;0.0;0.0;0.0;0;0.0;0.0;0.0;0;0;0;0;0.0;6;11;6;Frontend
225;0.0;0.0;0.0;0.0;0.0;0.0;0.0;0.0;1.0;0.0;0;0.0;0.0;0.0;0.0;0.0;0.0;0.0;0;0;1.0;0.0;0;0.0;0.0;0.0;0.0;0;0;0.0;0;0;0;0;0;0.0;0.0;0;0.0;0.0;0.0;0;0.0;0.0;0.0;0;0;0;0;0.0;6;11;6;Frontend
226;0.0;0.0;0.0;0.0;0.0;0.0;0.0;0.0;1.0;0.0;0;0.0;0.0;0.0;0.0;0.0;0.0;0.0;0;0;1.0;0.0;0;0.0;0.0;0.0;0.0;0;0;0.0;0;0;0;0;0;0.0;0.0;0;0.0;0.0;0.0;0;0.0;0.0;0.0;0;0;0;0;0.0;6;11;6;Frontend
227;0.0;0.0;0.0;0.0;0.0;0.0;0.0;0.0;1.0;0.0;0;0.0;0.0;0.0;0.0;0.0;0.0;0.0;0;0;0.0;0.0;0;0.0;0.0;0.0;1.0;0;0;1.0;0;0;0;0;0;0.0;0.0;0;0.0;0.0;0.0;0;0.0;0.0;0.0;0;0;0;0;0.0;7;14;7;Full stack
228;0.0;0.0;0.0;0.0;0.0;0.0;0.0;0.0;1.0;0.0;0;0.0;0.0;0.0;0.0;0.0;0.0;0.0;0;0;0.0;0.0;0;0.0;0.0;0.0;0.0;0;0;0.0;0;0;0;0;0;0.0;0.0;0;0.0;0.0;0.0;0;0.0;0.0;0.0;0;0;0;0;0.0;7;11;7;Full stack
229;0.0;0.0;0.0;0.0;1.0;0.0;0.0;0.0;1.0;0.0;0;0.0;0.0;0.0;0.0;0.0;0.0;0.0;0;0;0.0;0.0;0;0.0;0.0;0.0;1.0;0;0;0.0;0;0;0;0;0;0.0;0.0;0;1.0;1.0;0.0;0;0.0;0.0;0.0;0;0;0;0;0.0;7;10;7;Full stack
230;0.0;0.0;0.0;0.0;0.0;0.0;0.0;1.0;0.0;0.0;0;0.0;0.0;0.0;0.0;0.0;0.0;0.0;0;0;0.0;1.0;0;0.0;0.0;0.0;0.0;0;0;0.0;0;0;0;0;0;0.0;0.0;0;0.0;0.0;0.0;0;0.0;0.0;0.0;0;0;0;0;0.0;7;11;7;Full stack
231;0.0;0.0;0.0;0.0;0.0;0.0;0.0;0.0;0.0;0.0;0;0.0;0.0;0.0;0.0;0.0;0.0;0.0;0;0;0.0;0.0;0;0.0;0.0;0.0;0.0;0;0;0.0;0;0;0;0;0;0.0;0.0;0;0.0;0.0;0.0;0;0.0;0.0;0.0;0;0;0;0;0.0;8;11;8;Go
232;0.0;0.0;0.0;0.0;0.0;0.0;0.0;0.0;0.0;0.0;0;0.0;0.0;0.0;0.0;0.0;0.0;0.0;0;0;0.0;0.0;0;0.0;0.0;0.0;0.0;0;0;0.0;0;0;0;0;0;0.0;0.0;0;0.0;0.0;0.0;0;0.0;0.0;0.0;0;0;0;0;0.0;8;11;8;Go
233;0.0;0.0;0.0;0.0;0.0;0.0;0.0;0.0;0.0;0.0;0;0.0;0.0;0.0;0.0;0.0;0.0;0.0;0;0;0.0;0.0;0;0.0;0.0;0.0;0.0;0;0;0.0;0;0;0;0;0;0.0;0.0;0;0.0;0.0;0.0;0;0.0;0.0;0.0;0;0;0;0;0.0;8;11;8;Go
234;0.0;0.0;0.0;0.0;0.0;0.0;0.0;0.0;0.0;0.0;0;0.0;0.0;0.0;0.0;0.0;0.0;0.0;0;0;0.0;0.0;0;0.0;0.0;0.0;0.0;0;0;0.0;0;0;0;0;0;0.0;0.0;0;0.0;0.0;0.0;0;0.0;0.0;0.0;0;0;0;0;0.0;8;11;8;Go
235;0.0;0.0;0.0;0.0;1.0;0.0;0.0;0.0;0.0;0.0;0;0.0;0.0;0.0;0.0;0.0;0.0;0.0;0;0;0.0;0.0;0;0.0;0.0;0.0;0.0;0;0;0.0;0;0;0;0;0;0.0;0.0;0;0.0;0.0;0.0;0;0.0;0.0;0.0;0;0;0;0;0.0;12;11;12;iOS
236;0.0;0.0;0.0;0.0;0.0;0.0;0.0;0.0;0.0;0.0;0;0.0;0.0;0.0;0.0;0.0;0.0;0.0;0;0;0.0;0.0;0;0.0;0.0;0.0;0.0;0;0;0.0;0;0;0;0;0;0.0;0.0;0;0.0;0.0;0.0;0;0.0;0.0;0.0;0;0;0;0;0.0;12;11;12;iOS
237;0.0;0.0;0.0;0.0;1.0;0.0;0.0;0.0;0.0;0.0;0;0.0;0.0;0.0;0.0;0.0;0.0;0.0;0;0;0.0;0.0;0;0.0;0.0;0.0;0.0;0;0;0.0;0;0;0;0;0;0.0;0.0;0;0.0;0.0;0.0;0;0.0;0.0;0.0;0;0;0;0;0.0;12;11;12;iOS
238;0.0;0.0;0.0;0.0;0.0;0.0;0.0;0.0;0.0;0.0;0;0.0;0.0;0.0;0.0;0.0;0.0;0.0;0;0;0.0;0.0;0;0.0;0.0;0.0;0.0;0;0;0.0;0;0;0;0;0;0.0;0.0;0;0.0;0.0;0.0;0;0.0;0.0;0.0;0;0;0;0;0.0;12;11;12;iOS
239;0.0;0.0;0.0;0.0;0.0;0.0;0.0;0.0;0.0;0.0;0;0.0;0.0;0.0;0.0;0.0;0.0;0.0;0;0;0.0;0.0;0;0.0;0.0;0.0;0.0;0;0;0.0;0;0;0;0;0;0.0;0.0;0;0.0;0.0;0.0;0;0.0;0.0;0.0;0;0;0;0;0.0;9;11;9;Java
240;0.0;0.0;0.0;0.0;1.0;1.0;0.0;0.0;0.0;0.0;0;0.0;0.0;0.0;0.0;0.0;0.0;0.0;0;0;0.0;0.0;0;0.0;0.0;0.0;0.0;0;0;0.0;0;0;0;0;0;0.0;0.0;0;0.0;0.0;0.0;0;0.0;0.0;0.0;0;0;0;0;0.0;9;9;9;Java
241;0.0;0.0;0.0;0.0;0.0;1.0;0.0;0.0;0.0;0.0;0;0.0;0.0;0.0;0.0;0.0;0.0;0.0;0;0;0.0;0.0;0;0.0;0.0;0.0;0.0;0;0;0.0;0;0;0;0;0;1.0;0.0;0;0.0;0.0;0.0;0;0.0;0.0;0.0;0;0;0;0;0.0;9;9;9;Java
242;0.0;0.0;0.0;0.0;0.0;1.0;0.0;0.0;0.0;0.0;0;0.0;0.0;0.0;0.0;0.0;0.0;0.0;0;0;0.0;0.0;0;0.0;0.0;0.0;0.0;0;0;0.0;0;0;0;0;0;0.0;0.0;0;0.0;0.0;0.0;0;0.0;0.0;0.0;0;0;0;0;0.0;9;9;9;Java
243;0.0;0.0;0.0;0.0;1.0;1.0;0.0;0.0;0.0;0.0;0;0.0;0.0;0.0;0.0;0.0;0.0;0.0;0;0;0.0;0.0;0;0.0;0.0;0.0;1.0;0;0;0.0;0;0;0;0;0;1.0;0.0;0;0.0;0.0;0.0;0;0.0;0.0;0.0;0;0;0;0;0.0;9;9;9;Java
244;0.0;0.0;0.0;0.0;1.0;1.0;0.0;0.0;0.0;0.0;0;0.0;0.0;0.0;0.0;0.0;0.0;0.0;0;0;0.0;0.0;0;0.0;0.0;0.0;0.0;0;0;0.0;0;0;0;0;0;1.0;0.0;0;0.0;0.0;0.0;0;0.0;0.0;0.0;0;0;0;0;0.0;9;9;9;Java
245;0.0;0.0;0.0;0.0;0.0;0.0;0.0;0.0;0.0;0.0;0;0.0;0.0;0.0;0.0;0.0;0.0;0.0;0;0;0.0;0.0;0;0.0;0.0;0.0;0.0;0;0;0.0;0;0;0;0;0;0.0;0.0;0;0.0;0.0;0.0;0;0.0;0.0;0.0;0;0;0;0;0.0;9;11;9;Java
246;0.0;0.0;0.0;0.0;1.0;0.0;0.0;0.0;1.0;0.0;0;0.0;0.0;0.0;0.0;0.0;0.0;0.0;0;0;0.0;0.0;0;0.0;0.0;0.0;0.0;0;0;1.0;0;0;0;0;0;0.0;0.0;0;0.0;0.0;0.0;0;0.0;0.0;0.0;0;0;0;0;0.0;10;10;10;PHP
247;0.0;0.0;0.0;0.0;0.0;0.0;0.0;0.0;0.0;0.0;0;0.0;0.0;0.0;0.0;0.0;0.0;0.0;0;0;0.0;0.0;0;0.0;0.0;0.0;0.0;0;0;1.0;0;0;0;0;0;0.0;0.0;0;0.0;0.0;0.0;0;0.0;0.0;0.0;0;0;0;0;0.0;10;10;10;PHP
248;0.0;0.0;0.0;0.0;1.0;0.0;0.0;0.0;0.0;0.0;0;0.0;1.0;0.0;0.0;0.0;0.0;0.0;0;0;0.0;0.0;0;0.0;0.0;0.0;1.0;0;0;1.0;0;0;0;0;0;0.0;0.0;0;0.0;1.0;0.0;0;0.0;0.0;0.0;0;0;0;0;0.0;10;10;10;PHP
249;0.0;0.0;0.0;0.0;1.0;0.0;0.0;0.0;0.0;0.0;0;0.0;0.0;0.0;0.0;0.0;0.0;0.0;0;0;0.0;0.0;0;0.0;0.0;0.0;1.0;0;0;0.0;0;0;0;0;0;0.0;0.0;0;1.0;0.0;0.0;0;0.0;0.0;0.0;0;0;0;0;0.0;10;10;10;PHP
250;0.0;0.0;0.0;0.0;0.0;0.0;0.0;0.0;0.0;0.0;0;0.0;0.0;0.0;0.0;0.0;0.0;0.0;0;0;0.0;0.0;0;0.0;0.0;0.0;1.0;0;0;0.0;0;0;0;0;0;0.0;0.0;0;0.0;0.0;0.0;0;0.0;0.0;0.0;0;0;0;0;0.0;10;10;10;PHP
251;0.0;0.0;0.0;0.0;0.0;0.0;0.0;0.0;0.0;0.0;0;0.0;0.0;0.0;0.0;0.0;0.0;0.0;0;0;0.0;0.0;0;0.0;0.0;0.0;0.0;0;0;0.0;0;0;0;0;0;0.0;0.0;0;1.0;0.0;0.0;0;0.0;0.0;0.0;0;0;0;0;0.0;10;10;10;PHP
252;0.0;0.0;0.0;0.0;1.0;0.0;0.0;0.0;0.0;1.0;0;0.0;0.0;0.0;0.0;0.0;0.0;0.0;0;0;0.0;0.0;0;0.0;0.0;0.0;1.0;0;0;0.0;0;0;0;0;0;0.0;0.0;0;0.0;1.0;0.0;0;0.0;0.0;0.0;0;0;0;0;0.0;10;11;10;PHP
253;0.0;0.0;0.0;0.0;0.0;0.0;0.0;0.0;1.0;0.0;0;0.0;0.0;0.0;0.0;0.0;0.0;0.0;0;0;0.0;0.0;0;0.0;0.0;0.0;1.0;0;0;0.0;0;0;0;0;0;0.0;0.0;0;0.0;1.0;0.0;0;0.0;0.0;0.0;0;0;0;0;0.0;10;10;10;PHP
254;0.0;0.0;0.0;0.0;0.0;0.0;0.0;0.0;1.0;0.0;0;0.0;0.0;0.0;0.0;0.0;0.0;0.0;0;0;0.0;0.0;0;0.0;0.0;0.0;0.0;0;0;0.0;0;0;0;0;0;0.0;0.0;0;0.0;1.0;0.0;0;0.0;0.0;0.0;0;0;0;0;0.0;10;11;10;PHP
255;0.0;0.0;0.0;0.0;0.0;0.0;0.0;0.0;0.0;1.0;0;0.0;0.0;0.0;0.0;0.0;0.0;0.0;0;0;0.0;0.0;0;0.0;0.0;0.0;1.0;0;0;0.0;0;0;0;0;0;0.0;0.0;0;1.0;0.0;0.0;0;0.0;0.0;0.0;0;0;0;0;0.0;10;10;10;PHP
256;0.0;0.0;0.0;0.0;0.0;0.0;0.0;0.0;0.0;0.0;0;0.0;0.0;0.0;0.0;0.0;0.0;0.0;0;0;0.0;0.0;0;0.0;0.0;0.0;0.0;0;0;0.0;0;0;0;0;0;0.0;0.0;0;1.0;0.0;0.0;0;0.0;0.0;0.0;0;0;0;0;0.0;10;10;10;PHP
257;0.0;0.0;0.0;0.0;0.0;0.0;0.0;0.0;1.0;0.0;0;0.0;0.0;0.0;0.0;0.0;0.0;0.0;0;0;0.0;0.0;0;0.0;0.0;0.0;0.0;0;0;0.0;0;0;0;0;0;0.0;0.0;0;1.0;0.0;0.0;0;0.0;0.0;0.0;0;0;0;0;0.0;10;10;10;PHP
258;0.0;0.0;0.0;0.0;1.0;0.0;0.0;0.0;0.0;0.0;0;0.0;0.0;0.0;0.0;0.0;0.0;0.0;0;0;0.0;0.0;0;0.0;0.0;0.0;1.0;0;0;0.0;0;0;0;0;0;0.0;0.0;0;1.0;0.0;0.0;0;0.0;0.0;0.0;0;0;0;0;0.0;10;10;10;PHP
259;0.0;0.0;0.0;0.0;1.0;0.0;0.0;0.0;1.0;0.0;0;0.0;0.0;0.0;0.0;0.0;0.0;0.0;0;0;0.0;0.0;0;0.0;0.0;0.0;0.0;0;0;0.0;0;0;0;0;0;0.0;0.0;0;1.0;0.0;0.0;0;0.0;0.0;0.0;0;0;0;0;0.0;10;10;10;PHP
260;0.0;0.0;0.0;0.0;1.0;0.0;0.0;0.0;0.0;0.0;0;0.0;0.0;0.0;0.0;0.0;0.0;0.0;0;0;0.0;0.0;0;0.0;0.0;0.0;0.0;0;0;0.0;0;0;0;0;0;0.0;0.0;0;0.0;0.0;0.0;0;0.0;0.0;0.0;0;0;0;0;0.0;10;11;10;PHP
261;0.0;0.0;0.0;0.0;1.0;0.0;0.0;0.0;0.0;0.0;0;0.0;1.0;0.0;0.0;0.0;0.0;0.0;0;0;0.0;0.0;0;0.0;0.0;0.0;1.0;0;0;1.0;0;0;0;0;0;0.0;0.0;0;0.0;1.0;0.0;0;0.0;0.0;0.0;0;0;0;0;0.0;10;10;10;PHP
262;0.0;0.0;0.0;0.0;1.0;0.0;0.0;0.0;1.0;1.0;0;0.0;0.0;0.0;0.0;0.0;0.0;0.0;0;0;0.0;0.0;0;0.0;0.0;0.0;1.0;0;0;0.0;0;0;0;0;0;0.0;0.0;0;1.0;1.0;0.0;0;0.0;0.0;0.0;0;0;0;0;0.0;10;10;10;PHP
263;0.0;0.0;0.0;0.0;0.0;0.0;0.0;0.0;0.0;0.0;0;0.0;1.0;0.0;0.0;0.0;0.0;0.0;0;0;0.0;0.0;0;0.0;0.0;0.0;1.0;0;0;0.0;0;0;0;0;0;0.0;0.0;0;1.0;1.0;0.0;0;0.0;0.0;0.0;0;0;0;0;0.0;10;10;10;PHP
264;0.0;0.0;0.0;0.0;1.0;0.0;0.0;0.0;0.0;1.0;0;0.0;0.0;0.0;0.0;0.0;0.0;0.0;0;0;1.0;0.0;0;0.0;0.0;0.0;1.0;0;0;1.0;0;0;0;0;0;0.0;0.0;0;0.0;0.0;0.0;0;0.0;0.0;0.0;0;0;0;0;0.0;10;11;10;PHP
265;0.0;0.0;0.0;0.0;1.0;0.0;0.0;0.0;1.0;0.0;0;0.0;0.0;0.0;0.0;0.0;0.0;0.0;0;0;0.0;0.0;0;0.0;0.0;0.0;1.0;0;0;0.0;0;0;0;0;0;0.0;0.0;0;1.0;0.0;0.0;0;0.0;0.0;0.0;0;0;0;0;0.0;10;10;10;PHP
266;0.0;0.0;0.0;0.0;1.0;0.0;0.0;0.0;0.0;0.0;0;1.0;1.0;0.0;0.0;0.0;0.0;0.0;0;0;0.0;0.0;0;0.0;0.0;0.0;0.0;0;0;0.0;0;0;0;0;0;0.0;0.0;0;0.0;0.0;0.0;0;0.0;0.0;0.0;0;0;0;0;0.0;10;11;10;PHP
267;0.0;0.0;0.0;0.0;1.0;0.0;0.0;0.0;0.0;0.0;0;0.0;0.0;0.0;0.0;0.0;0.0;0.0;0;0;0.0;0.0;0;0.0;0.0;0.0;1.0;0;0;0.0;0;0;0;0;0;0.0;0.0;0;1.0;0.0;0.0;0;0.0;0.0;0.0;0;0;0;0;0.0;10;10;10;PHP
268;0.0;0.0;0.0;0.0;0.0;0.0;0.0;0.0;0.0;0.0;0;0.0;0.0;0.0;0.0;0.0;0.0;0.0;0;0;0.0;0.0;0;0.0;0.0;0.0;1.0;0;0;0.0;0;0;0;0;0;0.0;0.0;0;1.0;0.0;0.0;0;0.0;0.0;0.0;0;0;0;0;0.0;10;10;10;PHP
269;0.0;0.0;0.0;0.0;0.0;0.0;0.0;0.0;0.0;0.0;0;0.0;0.0;0.0;0.0;0.0;0.0;0.0;0;0;0.0;0.0;0;0.0;0.0;0.0;0.0;0;0;1.0;0;0;0;0;0;0.0;0.0;0;0.0;0.0;0.0;0;0.0;0.0;0.0;0;0;0;0;0.0;10;10;10;PHP
270;0.0;0.0;0.0;0.0;0.0;0.0;0.0;0.0;0.0;0.0;0;0.0;0.0;0.0;0.0;0.0;0.0;0.0;0;0;0.0;0.0;0;0.0;0.0;0.0;0.0;0;0;0.0;0;0;0;0;0;0.0;1.0;0;1.0;1.0;0.0;0;0.0;0.0;0.0;0;0;0;0;0.0;10;10;10;PHP
271;0.0;0.0;0.0;0.0;0.0;0.0;0.0;0.0;0.0;0.0;0;0.0;0.0;0.0;0.0;0.0;0.0;0.0;0;0;0.0;0.0;0;0.0;0.0;0.0;0.0;0;0;1.0;0;0;0;0;0;0.0;0.0;0;0.0;0.0;0.0;0;0.0;0.0;0.0;0;0;0;0;0.0;10;10;10;PHP
272;0.0;0.0;0.0;0.0;1.0;0.0;0.0;0.0;0.0;0.0;0;0.0;0.0;0.0;0.0;0.0;0.0;0.0;0;0;0.0;0.0;0;0.0;0.0;0.0;0.0;0;0;0.0;0;0;0;0;0;0.0;0.0;0;1.0;0.0;0.0;0;0.0;0.0;0.0;0;0;0;0;0.0;10;10;10;PHP
273;0.0;0.0;0.0;0.0;1.0;0.0;0.0;0.0;0.0;0.0;0;0.0;0.0;0.0;0.0;0.0;0.0;0.0;0;0;0.0;0.0;0;0.0;0.0;0.0;1.0;0;0;0.0;0;0;0;0;0;0.0;0.0;0;1.0;1.0;0.0;0;0.0;0.0;0.0;0;0;0;0;0.0;10;10;10;PHP
274;0.0;0.0;0.0;0.0;1.0;0.0;0.0;0.0;0.0;0.0;0;0.0;0.0;0.0;0.0;0.0;0.0;0.0;0;0;0.0;0.0;0;0.0;0.0;0.0;1.0;0;0;0.0;0;0;0;0;0;0.0;0.0;0;1.0;0.0;0.0;0;0.0;0.0;0.0;0;0;0;0;0.0;10;10;10;PHP
275;0.0;0.0;0.0;0.0;0.0;0.0;0.0;0.0;0.0;0.0;0;0.0;0.0;0.0;0.0;0.0;0.0;0.0;0;0;1.0;0.0;0;0.0;0.0;0.0;1.0;0;0;1.0;0;0;0;0;0;0.0;0.0;0;0.0;0.0;0.0;0;0.0;0.0;0.0;0;0;0;0;0.0;10;14;10;PHP
276;0.0;0.0;0.0;0.0;0.0;0.0;0.0;0.0;0.0;0.0;0;0.0;0.0;0.0;0.0;0.0;0.0;0.0;0;0;0.0;0.0;0;0.0;0.0;0.0;0.0;0;0;1.0;0;0;0;0;0;0.0;0.0;0;0.0;0.0;0.0;0;0.0;0.0;0.0;0;0;0;0;0.0;10;10;10;PHP
277;0.0;0.0;0.0;0.0;0.0;0.0;0.0;0.0;0.0;0.0;0;0.0;0.0;0.0;0.0;0.0;0.0;0.0;0;0;0.0;0.0;0;0.0;0.0;0.0;1.0;0;0;0.0;0;0;0;0;0;0.0;0.0;0;1.0;0.0;0.0;0;0.0;0.0;0.0;0;0;0;0;0.0;10;10;10;PHP
278;0.0;0.0;0.0;0.0;0.0;0.0;0.0;0.0;0.0;0.0;0;0.0;1.0;0.0;0.0;0.0;0.0;0.0;0;0;0.0;0.0;0;0.0;0.0;0.0;1.0;0;0;0.0;0;0;0;0;0;0.0;0.0;0;0.0;0.0;0.0;0;0.0;0.0;1.0;0;0;0;0;0.0;10;16;10;PHP
279;0.0;0.0;0.0;0.0;0.0;0.0;0.0;0.0;1.0;1.0;0;0.0;0.0;0.0;0.0;0.0;0.0;0.0;0;0;0.0;0.0;0;0.0;0.0;0.0;1.0;0;0;1.0;0;0;0;0;0;0.0;0.0;0;0.0;0.0;0.0;0;0.0;0.0;0.0;0;0;0;0;0.0;10;14;10;PHP
280;0.0;0.0;0.0;0.0;1.0;0.0;0.0;0.0;1.0;1.0;0;0.0;0.0;0.0;0.0;0.0;0.0;0.0;0;0;0.0;0.0;0;1.0;0.0;0.0;1.0;0;0;0.0;0;0;0;0;0;0.0;0.0;0;1.0;0.0;0.0;0;0.0;0.0;0.0;0;0;0;0;0.0;10;10;10;PHP
281;0.0;0.0;0.0;0.0;1.0;0.0;0.0;0.0;0.0;0.0;0;0.0;0.0;0.0;0.0;0.0;0.0;0.0;0;0;0.0;0.0;0;0.0;0.0;0.0;1.0;0;0;0.0;0;0;0;0;0;0.0;0.0;0;1.0;0.0;0.0;0;0.0;0.0;0.0;0;0;0;0;0.0;10;10;10;PHP
282;0.0;0.0;0.0;0.0;1.0;0.0;0.0;0.0;0.0;0.0;0;0.0;0.0;0.0;0.0;0.0;0.0;0.0;0;0;0.0;0.0;0;0.0;0.0;0.0;1.0;0;0;0.0;0;0;0;0;0;0.0;0.0;0;1.0;0.0;0.0;0;0.0;0.0;0.0;0;0;0;0;0.0;10;10;10;PHP
283;0.0;0.0;0.0;0.0;0.0;0.0;0.0;0.0;0.0;0.0;0;0.0;0.0;0.0;0.0;0.0;0.0;0.0;0;0;0.0;0.0;0;0.0;0.0;0.0;0.0;0;0;0.0;0;0;0;0;0;0.0;0.0;0;0.0;0.0;0.0;0;0.0;0.0;0.0;0;0;0;0;0.0;10;11;10;PHP
284;0.0;0.0;0.0;0.0;0.0;0.0;0.0;0.0;0.0;0.0;0;0.0;0.0;0.0;0.0;0.0;0.0;0.0;0;0;0.0;0.0;0;0.0;0.0;0.0;0.0;0;0;0.0;0;0;0;0;0;0.0;0.0;0;0.0;0.0;0.0;0;0.0;0.0;0.0;0;0;0;0;0.0;10;11;10;PHP
285;0.0;0.0;0.0;0.0;0.0;0.0;0.0;0.0;0.0;0.0;0;0.0;0.0;0.0;0.0;0.0;0.0;0.0;0;0;0.0;0.0;0;0.0;0.0;0.0;0.0;0;0;0.0;0;0;0;0;0;0.0;0.0;0;0.0;0.0;0.0;0;0.0;0.0;0.0;0;0;0;0;0.0;10;11;10;PHP
286;0.0;0.0;0.0;0.0;0.0;0.0;0.0;0.0;0.0;0.0;0;0.0;0.0;0.0;0.0;0.0;0.0;0.0;0;0;0.0;0.0;0;0.0;0.0;0.0;0.0;0;0;0.0;0;0;0;0;0;0.0;0.0;0;0.0;0.0;0.0;0;0.0;0.0;0.0;0;0;0;0;0.0;10;11;10;PHP
287;0.0;0.0;0.0;0.0;1.0;0.0;0.0;0.0;0.0;0.0;0;0.0;0.0;0.0;0.0;0.0;0.0;0.0;0;0;0.0;0.0;0;0.0;0.0;0.0;1.0;0;0;0.0;0;0;0;0;0;0.0;0.0;0;1.0;0.0;0.0;0;0.0;0.0;0.0;0;0;0;0;0.0;10;10;10;PHP
288;0.0;0.0;0.0;0.0;0.0;0.0;0.0;0.0;0.0;0.0;0;0.0;0.0;0.0;0.0;0.0;0.0;0.0;0;0;0.0;0.0;0;0.0;0.0;0.0;0.0;0;0;0.0;0;0;0;0;0;0.0;0.0;0;0.0;0.0;0.0;0;0.0;0.0;0.0;0;0;0;0;0.0;10;11;10;PHP
289;0.0;0.0;0.0;0.0;0.0;0.0;0.0;0.0;0.0;0.0;0;0.0;0.0;0.0;0.0;0.0;0.0;0.0;0;0;0.0;0.0;0;0.0;0.0;0.0;0.0;0;0;0.0;0;0;0;0;0;0.0;0.0;0;0.0;0.0;0.0;0;0.0;0.0;0.0;0;0;0;0;0.0;10;11;10;PHP
290;0.0;0.0;0.0;0.0;1.0;0.0;0.0;0.0;0.0;0.0;0;0.0;0.0;0.0;0.0;0.0;0.0;0.0;0;0;0.0;0.0;0;0.0;0.0;0.0;1.0;0;0;0.0;0;0;0;0;0;0.0;0.0;0;1.0;0.0;0.0;0;0.0;0.0;0.0;0;0;0;0;0.0;10;10;10;PHP
291;0.0;0.0;0.0;0.0;1.0;0.0;0.0;0.0;0.0;0.0;0;0.0;0.0;0.0;0.0;0.0;0.0;0.0;0;0;0.0;0.0;0;0.0;0.0;0.0;1.0;0;0;0.0;0;0;0;0;0;0.0;0.0;0;1.0;0.0;0.0;0;0.0;0.0;0.0;0;0;0;0;0.0;10;10;10;PHP
292;0.0;0.0;0.0;0.0;0.0;0.0;0.0;0.0;0.0;0.0;0;0.0;0.0;0.0;0.0;0.0;0.0;0.0;0;0;0.0;0.0;0;0.0;0.0;0.0;0.0;0;0;0.0;0;0;0;0;0;0.0;0.0;0;0.0;0.0;0.0;0;0.0;0.0;0.0;0;0;0;0;0.0;10;11;10;PHP
293;0.0;0.0;0.0;0.0;0.0;0.0;0.0;0.0;0.0;0.0;0;0.0;0.0;0.0;0.0;0.0;0.0;0.0;0;0;0.0;0.0;0;0.0;0.0;0.0;0.0;0;0;0.0;0;0;0;0;0;0.0;0.0;0;0.0;0.0;0.0;0;0.0;0.0;0.0;0;0;0;0;0.0;10;11;10;PHP
294;0.0;0.0;0.0;0.0;1.0;0.0;0.0;0.0;0.0;0.0;0;0.0;0.0;0.0;0.0;0.0;0.0;0.0;0;0;0.0;0.0;0;0.0;0.0;0.0;1.0;0;0;0.0;0;0;0;0;0;0.0;0.0;0;1.0;0.0;0.0;0;0.0;0.0;0.0;0;0;0;0;0.0;10;10;10;PHP
295;0.0;0.0;0.0;0.0;1.0;0.0;0.0;0.0;0.0;0.0;0;0.0;0.0;0.0;0.0;0.0;0.0;0.0;0;0;0.0;0.0;0;0.0;0.0;0.0;1.0;0;0;0.0;0;0;0;0;0;0.0;0.0;0;1.0;0.0;0.0;0;0.0;0.0;0.0;0;0;0;0;0.0;10;10;10;PHP
296;0.0;0.0;0.0;0.0;0.0;0.0;0.0;0.0;0.0;0.0;0;0.0;0.0;0.0;0.0;0.0;0.0;0.0;0;0;0.0;0.0;0;0.0;0.0;0.0;0.0;0;0;0.0;0;0;0;0;0;0.0;0.0;0;0.0;0.0;0.0;0;0.0;0.0;0.0;0;0;0;0;0.0;10;11;10;PHP
297;0.0;0.0;0.0;0.0;0.0;0.0;0.0;0.0;0.0;0.0;0;0.0;0.0;0.0;0.0;0.0;0.0;0.0;0;0;0.0;0.0;0;0.0;0.0;0.0;0.0;0;0;0.0;0;0;0;0;0;0.0;0.0;0;0.0;0.0;0.0;0;0.0;0.0;0.0;0;0;0;0;0.0;10;11;10;PHP
298;0.0;0.0;0.0;0.0;1.0;0.0;0.0;0.0;0.0;0.0;0;0.0;0.0;0.0;0.0;0.0;0.0;0.0;0;0;0.0;0.0;0;0.0;0.0;0.0;1.0;0;0;0.0;0;0;0;0;0;0.0;0.0;0;1.0;0.0;0.0;0;0.0;0.0;0.0;0;0;0;0;0.0;10;10;10;PHP
299;0.0;0.0;0.0;0.0;0.0;0.0;0.0;0.0;1.0;0.0;0;0.0;0.0;0.0;0.0;0.0;0.0;0.0;0;0;0.0;0.0;0;0.0;0.0;0.0;0.0;0;0;0.0;0;0;0;0;0;0.0;0.0;0;0.0;0.0;0.0;0;0.0;0.0;1.0;0;0;0;0;0.0;11;16;11;Web
300;0.0;0.0;0.0;0.0;0.0;0.0;0.0;0.0;0.0;0.0;0;0.0;1.0;0.0;0.0;0.0;0.0;0.0;0;0;0.0;0.0;0;0.0;0.0;1.0;0.0;0;0;0.0;0;0;0;0;0;0.0;0.0;0;0.0;0.0;0.0;0;0.0;0.0;1.0;0;0;0;0;0.0;11;15;11;Web
301;0.0;0.0;0.0;0.0;0.0;0.0;0.0;0.0;1.0;0.0;0;0.0;0.0;0.0;0.0;0.0;0.0;0.0;0;0;0.0;0.0;0;0.0;0.0;0.0;0.0;0;0;1.0;0;0;0;0;0;0.0;0.0;0;0.0;0.0;0.0;0;0.0;0.0;0.0;0;0;0;0;0.0;11;14;11;Web
302;0.0;0.0;0.0;0.0;0.0;0.0;0.0;0.0;1.0;0.0;0;0.0;0.0;0.0;0.0;0.0;0.0;0.0;0;0;1.0;0.0;0;0.0;0.0;0.0;0.0;0;0;0.0;0;0;0;0;0;0.0;0.0;0;0.0;0.0;0.0;0;0.0;0.0;0.0;0;0;0;0;0.0;11;11;11;Web
303;0.0;0.0;0.0;0.0;0.0;0.0;0.0;0.0;1.0;0.0;0;0.0;0.0;0.0;0.0;0.0;0.0;0.0;0;0;1.0;0.0;0;0.0;0.0;0.0;0.0;0;0;0.0;0;0;0;0;0;0.0;0.0;0;0.0;0.0;0.0;0;0.0;0.0;0.0;0;0;0;0;0.0;11;11;11;Web
304;0.0;0.0;0.0;0.0;0.0;0.0;0.0;0.0;0.0;0.0;0;0.0;0.0;0.0;0.0;0.0;0.0;0.0;0;0;0.0;0.0;0;0.0;0.0;0.0;0.0;0;0;0.0;0;0;0;0;0;0.0;0.0;0;0.0;0.0;0.0;0;0.0;0.0;0.0;0;0;0;0;0.0;11;11;11;Web
305;0.0;0.0;0.0;0.0;0.0;0.0;0.0;0.0;1.0;0.0;0;0.0;0.0;0.0;0.0;0.0;0.0;0.0;0;0;0.0;0.0;0;1.0;0.0;0.0;0.0;0;0;0.0;0;0;0;0;0;0.0;0.0;0;0.0;0.0;0.0;0;0.0;0.0;0.0;0;0;0;0;0.0;11;6;11;Web
306;0.0;0.0;0.0;0.0;0.0;0.0;0.0;0.0;1.0;0.0;0;0.0;0.0;0.0;0.0;0.0;0.0;0.0;0;0;0.0;0.0;0;0.0;0.0;0.0;0.0;0;0;1.0;0;0;0;0;0;0.0;0.0;0;0.0;0.0;0.0;0;0.0;0.0;0.0;0;0;0;0;0.0;11;14;11;Web
307;0.0;0.0;0.0;0.0;0.0;0.0;0.0;0.0;0.0;0.0;0;0.0;0.0;0.0;0.0;0.0;0.0;0.0;0;0;0.0;0.0;0;0.0;0.0;0.0;0.0;0;0;0.0;0;0;0;0;0;0.0;0.0;0;0.0;0.0;0.0;0;0.0;0.0;0.0;0;0;0;0;0.0;11;11;11;Web
308;0.0;0.0;0.0;0.0;0.0;0.0;0.0;0.0;1.0;0.0;0;0.0;0.0;0.0;0.0;0.0;0.0;0.0;0;0;1.0;0.0;0;1.0;0.0;0.0;0.0;0;0;0.0;0;0;0;0;0;0.0;0.0;0;0.0;0.0;0.0;0;0.0;0.0;0.0;0;0;0;0;0.0;11;6;11;Web
309;0.0;0.0;0.0;0.0;0.0;0.0;0.0;0.0;1.0;0.0;0;0.0;0.0;0.0;0.0;0.0;0.0;0.0;0;0;0.0;0.0;0;0.0;0.0;0.0;1.0;0;0;1.0;0;0;0;0;0;0.0;0.0;0;0.0;0.0;0.0;0;0.0;0.0;0.0;0;0;0;0;0.0;11;14;11;Web
310;0.0;0.0;0.0;0.0;0.0;0.0;0.0;0.0;0.0;0.0;0;0.0;0.0;0.0;0.0;0.0;0.0;0.0;0;0;0.0;0.0;0;0.0;0.0;0.0;0.0;0;0;0.0;0;0;0;0;0;0.0;0.0;0;0.0;0.0;0.0;0;0.0;0.0;0.0;0;0;0;0;0.0;11;11;11;Web
311;0.0;0.0;0.0;0.0;0.0;0.0;0.0;0.0;1.0;0.0;0;0.0;0.0;0.0;0.0;0.0;0.0;0.0;0;0;0.0;0.0;0;0.0;0.0;0.0;0.0;0;0;1.0;0;0;0;0;0;0.0;0.0;0;0.0;0.0;0.0;0;0.0;0.0;0.0;0;0;0;0;0.0;11;14;11;Web
312;0.0;0.0;0.0;0.0;0.0;0.0;0.0;0.0;0.0;0.0;0;0.0;0.0;0.0;0.0;0.0;0.0;0.0;0;0;0.0;0.0;0;0.0;0.0;0.0;0.0;0;0;0.0;0;0;0;0;0;0.0;0.0;0;0.0;0.0;0.0;0;0.0;0.0;0.0;0;0;0;0;0.0;11;11;11;Web
313;0.0;0.0;0.0;0.0;0.0;0.0;0.0;0.0;0.0;0.0;0;0.0;0.0;0.0;0.0;0.0;0.0;0.0;0;0;0.0;0.0;0;0.0;0.0;0.0;0.0;0;0;0.0;0;0;0;0;0;0.0;0.0;0;0.0;0.0;0.0;0;0.0;0.0;0.0;0;0;0;0;0.0;11;11;11;Web
314;0.0;0.0;0.0;0.0;0.0;0.0;0.0;0.0;0.0;0.0;0;0.0;0.0;0.0;0.0;0.0;0.0;0.0;0;0;0.0;0.0;0;0.0;0.0;0.0;0.0;0;0;0.0;0;0;0;0;0;0.0;0.0;0;0.0;0.0;0.0;0;0.0;0.0;0.0;0;0;0;0;0.0;11;11;11;Web
315;0.0;0.0;0.0;0.0;0.0;0.0;0.0;0.0;1.0;1.0;0;0.0;0.0;0.0;0.0;0.0;0.0;0.0;0;0;0.0;0.0;0;0.0;1.0;0.0;1.0;0;0;1.0;0;0;0;0;0;0.0;0.0;0;0.0;0.0;0.0;0;0.0;0.0;0.0;0;0;0;0;0.0;11;14;11;Web
316;0.0;0.0;0.0;0.0;0.0;0.0;0.0;0.0;0.0;0.0;0;0.0;0.0;0.0;0.0;0.0;0.0;0.0;0;0;0.0;0.0;0;0.0;0.0;0.0;0.0;0;0;0.0;0;0;0;0;0;0.0;0.0;0;0.0;0.0;0.0;0;0.0;0.0;0.0;0;0;0;0;0.0;11;11;11;Web
317;0.0;0.0;0.0;0.0;0.0;0.0;0.0;0.0;1.0;0.0;0;0.0;0.0;0.0;0.0;0.0;0.0;0.0;0;0;0.0;0.0;0;0.0;0.0;0.0;0.0;0;0;0.0;0;0;0;0;0;0.0;0.0;0;0.0;0.0;0.0;0;0.0;0.0;0.0;0;0;0;0;0.0;11;11;11;Web
318;0.0;0.0;0.0;0.0;0.0;0.0;0.0;0.0;1.0;0.0;0;0.0;0.0;0.0;0.0;0.0;0.0;0.0;0;0;0.0;0.0;0;0.0;0.0;0.0;0.0;0;0;1.0;0;0;0;0;0;0.0;0.0;0;0.0;0.0;0.0;0;0.0;0.0;0.0;0;0;0;0;0.0;11;14;11;Web
319;0.0;0.0;0.0;0.0;1.0;0.0;0.0;0.0;1.0;0.0;0;0.0;0.0;0.0;0.0;0.0;0.0;0.0;0;0;0.0;0.0;0;0.0;0.0;0.0;0.0;0;0;0.0;0;0;0;0;0;0.0;0.0;0;1.0;0.0;0.0;0;0.0;0.0;0.0;0;0;0;0;0.0;11;10;11;Web
320;0.0;0.0;0.0;0.0;0.0;0.0;0.0;0.0;0.0;1.0;0;0.0;0.0;0.0;0.0;0.0;0.0;0.0;0;0;0.0;0.0;0;0.0;0.0;0.0;1.0;0;0;0.0;0;0;0;0;0;0.0;0.0;0;0.0;0.0;0.0;0;0.0;0.0;0.0;0;0;0;0;0.0;11;11;11;Web
321;0.0;0.0;0.0;0.0;0.0;0.0;0.0;0.0;0.0;0.0;0;0.0;0.0;0.0;0.0;0.0;0.0;0.0;0;0;0.0;0.0;0;0.0;0.0;0.0;0.0;0;0;0.0;0;0;0;0;0;0.0;0.0;0;0.0;0.0;0.0;0;1.0;1.0;0.0;0;0;0;0;0.0;11;11;11;Web
322;0.0;0.0;0.0;0.0;1.0;0.0;0.0;0.0;1.0;0.0;0;0.0;0.0;0.0;0.0;0.0;0.0;0.0;0;0;0.0;0.0;0;0.0;0.0;0.0;0.0;0;0;0.0;0;0;0;0;0;0.0;0.0;0;0.0;0.0;0.0;0;0.0;0.0;0.0;0;0;0;0;0.0;11;11;11;Web
323;0.0;0.0;0.0;0.0;0.0;0.0;0.0;0.0;1.0;0.0;0;0.0;0.0;0.0;0.0;0.0;0.0;0.0;0;0;1.0;0.0;0;0.0;0.0;0.0;0.0;0;0;0.0;0;0;0;0;0;0.0;0.0;0;0.0;0.0;0.0;0;0.0;0.0;0.0;0;0;0;0;0.0;11;11;11;Web
324;0.0;0.0;0.0;0.0;0.0;0.0;0.0;0.0;1.0;0.0;0;0.0;0.0;0.0;0.0;0.0;0.0;0.0;0;0;0.0;0.0;0;0.0;0.0;0.0;0.0;0;0;1.0;0;0;0;0;0;0.0;0.0;0;0.0;0.0;0.0;0;0.0;0.0;0.0;0;0;0;0;0.0;11;14;11;Web
325;0.0;0.0;0.0;0.0;0.0;0.0;0.0;0.0;0.0;1.0;0;0.0;0.0;0.0;0.0;0.0;0.0;0.0;0;0;0.0;0.0;0;0.0;0.0;0.0;0.0;0;0;0.0;0;0;0;0;0;0.0;0.0;0;0.0;0.0;0.0;0;0.0;0.0;0.0;0;0;0;0;0.0;11;11;11;Web
326;0.0;0.0;0.0;0.0;0.0;0.0;0.0;0.0;1.0;0.0;0;0.0;0.0;0.0;0.0;0.0;0.0;0.0;0;0;1.0;0.0;0;0.0;0.0;0.0;0.0;0;0;0.0;0;0;0;0;0;0.0;0.0;0;0.0;0.0;0.0;0;0.0;0.0;0.0;0;0;0;0;0.0;11;11;11;Web
327;0.0;0.0;0.0;0.0;0.0;0.0;0.0;0.0;0.0;1.0;0;0.0;0.0;0.0;0.0;0.0;0.0;0.0;0;0;0.0;0.0;0;0.0;0.0;0.0;0.0;0;0;0.0;0;0;0;0;0;0.0;0.0;0;0.0;0.0;0.0;0;0.0;0.0;0.0;0;0;0;0;0.0;11;11;11;Web
328;0.0;0.0;0.0;0.0;0.0;0.0;0.0;0.0;1.0;0.0;0;0.0;0.0;0.0;0.0;0.0;0.0;0.0;0;0;0.0;0.0;0;0.0;0.0;0.0;0.0;0;0;0.0;0;0;0;0;0;0.0;0.0;0;0.0;0.0;0.0;0;0.0;0.0;0.0;0;0;0;0;0.0;11;11;11;Web
329;0.0;0.0;0.0;0.0;1.0;0.0;0.0;0.0;0.0;1.0;0;0.0;0.0;0.0;0.0;0.0;0.0;0.0;0;0;0.0;0.0;0;0.0;0.0;0.0;1.0;0;0;0.0;0;0;0;0;0;0.0;0.0;0;0.0;0.0;0.0;0;0.0;0.0;0.0;0;0;0;0;0.0;11;11;11;Web
330;0.0;0.0;0.0;0.0;0.0;0.0;0.0;0.0;0.0;0.0;0;0.0;0.0;0.0;0.0;0.0;0.0;0.0;0;0;0.0;0.0;0;0.0;0.0;0.0;0.0;0;0;0.0;0;0;0;0;0;0.0;0.0;0;0.0;0.0;0.0;0;0.0;0.0;0.0;0;0;0;0;0.0;11;11;11;Web
331;0.0;0.0;0.0;0.0;0.0;0.0;0.0;0.0;0.0;0.0;0;0.0;0.0;0.0;0.0;0.0;0.0;0.0;0;0;0.0;0.0;0;0.0;0.0;0.0;0.0;0;0;0.0;0;0;0;0;0;0.0;0.0;0;0.0;0.0;0.0;0;0.0;0.0;0.0;0;0;0;0;0.0;11;11;11;Web
332;0.0;0.0;0.0;0.0;0.0;0.0;0.0;0.0;1.0;0.0;0;0.0;0.0;0.0;0.0;0.0;0.0;0.0;0;0;0.0;0.0;0;0.0;0.0;1.0;0.0;0;0;0.0;0;0;0;0;0;0.0;0.0;0;0.0;0.0;0.0;0;0.0;0.0;0.0;0;0;0;0;0.0;11;11;11;Web
333;0.0;0.0;0.0;0.0;0.0;0.0;0.0;0.0;0.0;0.0;0;0.0;0.0;0.0;0.0;0.0;0.0;0.0;0;0;1.0;0.0;0;0.0;0.0;0.0;0.0;0;0;0.0;0;0;0;0;0;0.0;0.0;0;0.0;0.0;0.0;0;0.0;0.0;0.0;0;0;0;0;0.0;11;11;11;Web
334;0.0;0.0;0.0;0.0;0.0;0.0;0.0;0.0;0.0;0.0;0;0.0;0.0;0.0;0.0;0.0;0.0;0.0;0;0;0.0;0.0;0;0.0;0.0;0.0;1.0;0;0;1.0;0;0;0;0;0;0.0;0.0;0;0.0;0.0;0.0;0;0.0;0.0;0.0;0;0;0;0;0.0;11;10;11;Web
335;0.0;0.0;0.0;0.0;1.0;0.0;0.0;0.0;1.0;0.0;0;0.0;0.0;0.0;0.0;0.0;0.0;0.0;0;0;0.0;0.0;0;0.0;0.0;0.0;1.0;0;0;0.0;0;0;0;0;0;0.0;0.0;0;1.0;1.0;0.0;0;0.0;0.0;0.0;0;0;0;0;0.0;11;10;11;Web
336;0.0;0.0;0.0;0.0;0.0;0.0;0.0;0.0;1.0;0.0;0;0.0;0.0;0.0;0.0;0.0;0.0;0.0;0;0;1.0;0.0;0;0.0;0.0;0.0;0.0;0;0;0.0;0;0;0;0;0;0.0;0.0;0;0.0;0.0;0.0;0;0.0;0.0;0.0;0;0;0;0;0.0;11;11;11;Web
337;0.0;0.0;0.0;0.0;0.0;0.0;0.0;0.0;1.0;0.0;0;0.0;0.0;0.0;0.0;0.0;0.0;0.0;0;0;0.0;0.0;0;0.0;0.0;0.0;0.0;0;0;0.0;0;0;0;0;0;0.0;0.0;0;0.0;0.0;0.0;0;0.0;0.0;0.0;0;0;0;0;0.0;11;11;11;Web
338;0.0;0.0;0.0;0.0;0.0;0.0;0.0;0.0;0.0;1.0;0;0.0;0.0;0.0;0.0;0.0;0.0;0.0;0;0;0.0;0.0;0;0.0;0.0;0.0;0.0;0;0;0.0;0;0;0;0;0;0.0;0.0;0;0.0;0.0;0.0;0;0.0;0.0;0.0;0;0;0;0;0.0;11;11;11;Web
339;0.0;0.0;0.0;0.0;0.0;0.0;0.0;0.0;1.0;0.0;0;0.0;0.0;0.0;0.0;0.0;0.0;0.0;0;0;1.0;0.0;0;0.0;0.0;0.0;0.0;0;0;0.0;0;0;0;0;0;0.0;0.0;0;0.0;0.0;0.0;0;0.0;0.0;0.0;0;0;0;0;0.0;11;11;11;Web
340;0.0;0.0;0.0;0.0;0.0;0.0;0.0;0.0;0.0;0.0;0;0.0;0.0;0.0;0.0;0.0;0.0;0.0;0;0;0.0;0.0;0;0.0;0.0;0.0;0.0;0;0;0.0;0;0;0;0;0;0.0;0.0;0;0.0;0.0;0.0;0;1.0;0.0;0.0;0;0;0;0;0.0;11;11;11;Web
341;0.0;0.0;0.0;0.0;0.0;0.0;0.0;0.0;1.0;0.0;0;0.0;0.0;0.0;0.0;0.0;0.0;0.0;0;0;1.0;0.0;0;0.0;0.0;0.0;0.0;0;0;0.0;0;0;0;0;0;0.0;0.0;0;0.0;0.0;0.0;0;0.0;0.0;0.0;0;0;0;0;0.0;11;11;11;Web
342;0.0;0.0;0.0;0.0;1.0;0.0;0.0;0.0;1.0;1.0;0;0.0;0.0;0.0;0.0;0.0;0.0;0.0;0;0;0.0;0.0;0;0.0;0.0;0.0;0.0;0;0;0.0;0;0;0;0;0;0.0;0.0;0;0.0;0.0;0.0;0;1.0;0.0;0.0;0;0;0;0;0.0;11;11;11;Web
343;0.0;0.0;0.0;0.0;0.0;0.0;0.0;0.0;0.0;1.0;0;0.0;0.0;0.0;0.0;0.0;0.0;0.0;0;0;0.0;0.0;0;0.0;1.0;0.0;1.0;0;0;0.0;0;0;0;0;0;0.0;0.0;0;0.0;0.0;0.0;0;0.0;0.0;0.0;0;0;0;0;0.0;11;11;11;Web
344;0.0;0.0;0.0;0.0;0.0;0.0;0.0;0.0;1.0;0.0;0;0.0;0.0;0.0;0.0;0.0;0.0;0.0;0;0;0.0;0.0;0;0.0;0.0;0.0;0.0;0;0;0.0;0;0;0;0;0;0.0;0.0;0;0.0;0.0;0.0;0;0.0;0.0;1.0;0;0;0;0;0.0;11;16;11;Web
345;0.0;0.0;0.0;0.0;0.0;0.0;0.0;0.0;0.0;1.0;0;0.0;0.0;0.0;0.0;0.0;0.0;0.0;0;0;0.0;0.0;0;0.0;0.0;0.0;0.0;0;0;0.0;0;0;0;0;0;0.0;0.0;0;0.0;0.0;0.0;0;0.0;0.0;0.0;0;0;0;0;0.0;11;11;11;Web
346;0.0;0.0;0.0;0.0;0.0;0.0;0.0;0.0;1.0;0.0;0;0.0;0.0;0.0;0.0;0.0;0.0;0.0;0;0;1.0;0.0;0;0.0;0.0;0.0;0.0;0;0;0.0;0;0;0;0;0;0.0;0.0;0;0.0;0.0;0.0;0;0.0;0.0;0.0;0;0;0;0;0.0;11;11;11;Web
347;0.0;0.0;0.0;0.0;0.0;0.0;0.0;0.0;1.0;0.0;0;0.0;0.0;0.0;0.0;0.0;0.0;0.0;0;0;1.0;0.0;0;0.0;0.0;0.0;0.0;0;0;0.0;0;0;0;0;0;0.0;0.0;0;0.0;0.0;0.0;0;0.0;0.0;0.0;0;0;0;0;0.0;11;11;11;Web
348;0.0;0.0;0.0;0.0;0.0;0.0;0.0;0.0;1.0;0.0;0;0.0;0.0;0.0;0.0;0.0;0.0;0.0;0;0;0.0;0.0;0;1.0;0.0;0.0;0.0;0;0;1.0;0;0;0;0;0;0.0;0.0;0;0.0;0.0;0.0;0;0.0;0.0;0.0;0;0;0;0;0.0;11;14;11;Web
349;0.0;0.0;0.0;0.0;1.0;0.0;0.0;0.0;0.0;0.0;0;0.0;0.0;0.0;0.0;0.0;0.0;0.0;0;0;1.0;0.0;0;0.0;0.0;0.0;0.0;0;0;0.0;0;0;0;0;0;0.0;0.0;0;0.0;0.0;0.0;0;0.0;0.0;0.0;0;0;0;0;0.0;11;7;11;Web
350;0.0;0.0;0.0;0.0;0.0;0.0;0.0;1.0;0.0;0.0;0;0.0;0.0;0.0;0.0;0.0;0.0;0.0;0;0;0.0;1.0;0;0.0;0.0;0.0;0.0;0;0;0.0;0;0;0;0;0;0.0;0.0;0;0.0;0.0;0.0;0;0.0;0.0;0.0;0;0;0;0;0.0;11;11;11;Web
351;0.0;0.0;0.0;0.0;0.0;0.0;0.0;0.0;0.0;0.0;0;0.0;0.0;0.0;0.0;0.0;0.0;0.0;0;0;1.0;0.0;0;0.0;0.0;0.0;0.0;0;0;0.0;0;0;0;0;0;0.0;0.0;0;0.0;0.0;0.0;0;0.0;0.0;0.0;0;0;0;0;0.0;11;11;11;Web
352;0.0;0.0;0.0;0.0;0.0;0.0;0.0;0.0;1.0;0.0;0;0.0;0.0;0.0;0.0;0.0;0.0;0.0;0;0;1.0;0.0;0;0.0;0.0;0.0;0.0;0;0;0.0;0;0;0;0;0;0.0;0.0;0;0.0;0.0;0.0;0;0.0;0.0;0.0;0;0;0;0;0.0;11;11;11;Web
353;0.0;0.0;0.0;0.0;0.0;0.0;0.0;0.0;0.0;0.0;0;0.0;0.0;0.0;0.0;0.0;0.0;0.0;0;0;0.0;0.0;0;0.0;0.0;0.0;0.0;0;0;0.0;0;0;0;0;0;0.0;0.0;0;1.0;0.0;0.0;0;0.0;0.0;0.0;0;0;0;0;0.0;11;10;11;Web
354;0.0;0.0;0.0;0.0;0.0;0.0;0.0;0.0;1.0;0.0;0;0.0;0.0;0.0;0.0;0.0;0.0;0.0;0;0;1.0;0.0;0;0.0;0.0;0.0;0.0;0;0;0.0;0;0;0;0;0;0.0;0.0;0;0.0;0.0;0.0;0;0.0;0.0;0.0;0;0;0;0;0.0;11;11;11;Web
355;0.0;0.0;0.0;0.0;0.0;0.0;0.0;0.0;0.0;0.0;0;0.0;0.0;1.0;0.0;0.0;0.0;0.0;0;0;1.0;0.0;0;0.0;0.0;0.0;0.0;0;0;0.0;0;0;0;0;0;0.0;0.0;0;0.0;0.0;0.0;0;0.0;0.0;0.0;0;0;0;0;0.0;11;15;11;Web
356;0.0;0.0;1.0;0.0;0.0;0.0;0.0;0.0;0.0;0.0;0;0.0;0.0;0.0;0.0;0.0;0.0;0.0;0;0;0.0;0.0;0;0.0;0.0;0.0;0.0;0;0;0.0;0;0;0;0;0;1.0;0.0;0;0.0;0.0;0.0;0;0.0;0.0;0.0;0;0;0;0;0.0;11;9;11;Web
357;0.0;0.0;0.0;0.0;0.0;0.0;0.0;0.0;0.0;0.0;0;0.0;0.0;0.0;0.0;0.0;0.0;0.0;0;0;0.0;0.0;0;0.0;0.0;0.0;0.0;0;0;0.0;0;0;0;0;0;0.0;0.0;0;0.0;0.0;0.0;0;0.0;0.0;0.0;0;0;0;0;0.0;11;11;11;Web
358;0.0;0.0;0.0;0.0;0.0;0.0;0.0;0.0;1.0;0.0;0;0.0;0.0;0.0;0.0;0.0;0.0;0.0;0;0;1.0;0.0;0;0.0;0.0;0.0;0.0;0;0;0.0;0;0;0;0;0;0.0;0.0;0;0.0;0.0;0.0;0;0.0;0.0;0.0;0;0;0;0;0.0;11;11;11;Web
359;0.0;0.0;0.0;0.0;0.0;0.0;0.0;0.0;0.0;0.0;0;0.0;0.0;0.0;0.0;0.0;0.0;0.0;0;0;0.0;0.0;0;0.0;0.0;0.0;0.0;0;0;0.0;0;0;0;0;0;0.0;0.0;0;0.0;0.0;0.0;0;0.0;0.0;0.0;0;0;0;0;0.0;11;11;11;Web
360;0.0;0.0;0.0;0.0;0.0;0.0;0.0;0.0;1.0;0.0;0;0.0;0.0;0.0;0.0;0.0;0.0;0.0;0;0;1.0;0.0;0;0.0;0.0;0.0;0.0;0;0;0.0;0;0;0;0;0;0.0;0.0;0;0.0;0.0;0.0;0;0.0;0.0;0.0;0;0;0;0;0.0;11;11;11;Web
361;0.0;0.0;0.0;0.0;0.0;0.0;0.0;0.0;0.0;0.0;0;0.0;0.0;0.0;0.0;0.0;0.0;0.0;0;0;0.0;0.0;0;0.0;0.0;0.0;0.0;0;0;0.0;0;0;0;0;0;0.0;0.0;0;0.0;0.0;0.0;0;0.0;0.0;0.0;0;0;0;0;0.0;11;11;11;Web
362;0.0;0.0;0.0;0.0;0.0;0.0;0.0;0.0;1.0;0.0;0;0.0;0.0;0.0;0.0;0.0;0.0;0.0;0;0;1.0;0.0;0;0.0;0.0;0.0;0.0;0;0;0.0;0;0;0;0;0;0.0;0.0;0;0.0;0.0;0.0;0;0.0;0.0;0.0;0;0;0;0;0.0;11;11;11;Web
363;0.0;0.0;0.0;0.0;0.0;0.0;0.0;0.0;0.0;0.0;0;0.0;0.0;0.0;0.0;0.0;0.0;0.0;0;0;0.0;0.0;0;0.0;0.0;0.0;0.0;0;0;0.0;0;0;0;0;0;0.0;0.0;0;0.0;0.0;0.0;0;0.0;0.0;0.0;0;0;0;0;0.0;11;11;11;Web
364;0.0;0.0;0.0;0.0;0.0;0.0;0.0;0.0;1.0;0.0;0;0.0;0.0;0.0;0.0;0.0;0.0;0.0;0;0;1.0;0.0;0;0.0;0.0;0.0;0.0;0;0;0.0;0;0;0;0;0;0.0;0.0;0;0.0;0.0;0.0;0;0.0;0.0;0.0;0;0;0;0;0.0;11;11;11;Web
365;0.0;0.0;0.0;0.0;0.0;0.0;0.0;0.0;0.0;0.0;0;0.0;0.0;0.0;0.0;0.0;0.0;0.0;0;0;0.0;0.0;0;0.0;0.0;0.0;0.0;0;0;0.0;0;0;0;0;0;0.0;0.0;0;0.0;0.0;0.0;0;0.0;0.0;0.0;0;0;0;0;0.0;11;11;11;Web
366;0.0;0.0;0.0;0.0;0.0;0.0;0.0;0.0;0.0;0.0;0;0.0;0.0;0.0;0.0;0.0;0.0;0.0;0;0;0.0;0.0;0;0.0;0.0;0.0;0.0;0;0;0.0;0;0;0;0;0;0.0;0.0;0;0.0;0.0;0.0;0;0.0;0.0;0.0;0;0;0;0;0.0;11;11;11;Web
367;0.0;0.0;0.0;0.0;0.0;0.0;0.0;0.0;0.0;0.0;0;0.0;0.0;0.0;0.0;0.0;0.0;0.0;0;0;0.0;0.0;0;0.0;0.0;0.0;0.0;0;0;0.0;0;0;0;0;0;0.0;0.0;0;0.0;0.0;0.0;0;0.0;0.0;0.0;0;0;0;0;0.0;11;11;11;Web
368;0.0;0.0;0.0;0.0;0.0;0.0;0.0;0.0;1.0;0.0;0;0.0;0.0;0.0;0.0;0.0;0.0;0.0;0;0;1.0;0.0;0;0.0;0.0;0.0;0.0;0;0;0.0;0;0;0;0;0;0.0;0.0;0;0.0;0.0;0.0;0;0.0;0.0;0.0;0;0;0;0;0.0;11;11;11;Web
369;0.0;0.0;0.0;0.0;0.0;0.0;0.0;0.0;0.0;0.0;0;0.0;0.0;0.0;0.0;0.0;0.0;0.0;0;0;0.0;0.0;0;0.0;0.0;0.0;0.0;0;0;0.0;0;0;0;0;0;0.0;0.0;0;0.0;0.0;0.0;0;0.0;0.0;0.0;0;0;0;0;0.0;11;11;11;Web
370;0.0;0.0;0.0;0.0;0.0;0.0;0.0;0.0;1.0;0.0;0;0.0;0.0;0.0;0.0;0.0;0.0;0.0;0;0;1.0;0.0;0;0.0;0.0;0.0;0.0;0;0;0.0;0;0;0;0;0;0.0;0.0;0;0.0;0.0;0.0;0;0.0;0.0;0.0;0;0;0;0;0.0;11;11;11;Web
371;0.0;0.0;0.0;0.0;0.0;0.0;0.0;0.0;0.0;0.0;0;0.0;0.0;0.0;0.0;0.0;0.0;0.0;0;0;0.0;0.0;0;0.0;0.0;0.0;0.0;0;0;0.0;0;0;0;0;0;0.0;0.0;0;0.0;0.0;0.0;0;0.0;0.0;0.0;0;0;0;0;0.0;11;11;11;Web
372;0.0;0.0;0.0;0.0;0.0;0.0;0.0;0.0;0.0;0.0;0;0.0;0.0;0.0;0.0;0.0;0.0;0.0;0;0;0.0;0.0;0;0.0;0.0;0.0;0.0;0;0;0.0;0;0;0;0;0;0.0;0.0;0;0.0;0.0;0.0;0;0.0;0.0;0.0;0;0;0;0;0.0;11;11;11;Web
373;0.0;0.0;0.0;0.0;0.0;0.0;0.0;0.0;1.0;0.0;0;0.0;0.0;0.0;0.0;0.0;0.0;0.0;0;0;1.0;0.0;0;0.0;0.0;0.0;0.0;0;0;0.0;0;0;0;0;0;0.0;0.0;0;0.0;0.0;0.0;0;0.0;0.0;0.0;0;0;0;0;0.0;11;11;11;Web
374;0.0;0.0;0.0;0.0;0.0;0.0;0.0;0.0;1.0;0.0;0;0.0;0.0;0.0;0.0;0.0;0.0;0.0;0;0;1.0;0.0;0;0.0;0.0;0.0;0.0;0;0;0.0;0;0;0;0;0;0.0;0.0;0;0.0;0.0;0.0;0;0.0;0.0;0.0;0;0;0;0;0.0;11;11;11;Web
375;0.0;0.0;0.0;0.0;0.0;0.0;0.0;0.0;1.0;0.0;0;0.0;0.0;0.0;0.0;0.0;0.0;0.0;0;0;1.0;0.0;0;0.0;0.0;0.0;0.0;0;0;0.0;0;0;0;0;0;0.0;0.0;0;0.0;0.0;0.0;0;0.0;0.0;0.0;0;0;0;0;0.0;11;11;11;Web
376;0.0;0.0;0.0;0.0;0.0;0.0;0.0;0.0;0.0;0.0;0;0.0;0.0;0.0;0.0;0.0;0.0;0.0;0;0;0.0;0.0;0;0.0;0.0;0.0;0.0;0;0;0.0;0;0;0;0;0;0.0;0.0;0;0.0;0.0;0.0;0;0.0;0.0;0.0;0;0;0;0;0.0;11;11;11;Web
377;0.0;0.0;0.0;0.0;0.0;0.0;0.0;0.0;0.0;0.0;0;0.0;0.0;0.0;0.0;0.0;0.0;0.0;0;0;0.0;0.0;0;0.0;0.0;0.0;0.0;0;0;0.0;0;0;0;0;0;0.0;0.0;0;0.0;0.0;0.0;0;0.0;0.0;0.0;0;0;0;0;0.0;11;11;11;Web
378;0.0;0.0;0.0;0.0;0.0;1.0;0.0;0.0;0.0;0.0;0;0.0;0.0;0.0;0.0;0.0;0.0;0.0;0;0;0.0;0.0;0;0.0;0.0;0.0;0.0;0;0;0.0;0;0;0;0;0;0.0;0.0;0;0.0;0.0;0.0;0;0.0;0.0;0.0;0;0;0;0;0.0;13;9;13;БД
379;0.0;0.0;0.0;0.0;0.0;1.0;0.0;0.0;0.0;0.0;0;0.0;0.0;0.0;0.0;0.0;0.0;0.0;0;0;0.0;0.0;0;0.0;0.0;0.0;0.0;0;0;0.0;0;0;0;0;0;0.0;0.0;0;0.0;0.0;0.0;0;0.0;0.0;0.0;0;0;0;0;0.0;13;9;13;БД
380;0.0;0.0;0.0;0.0;0.0;1.0;0.0;0.0;0.0;0.0;0;0.0;0.0;0.0;0.0;0.0;0.0;0.0;0;0;0.0;0.0;0;0.0;0.0;0.0;0.0;0;0;0.0;0;0;0;0;0;0.0;0.0;0;0.0;0.0;0.0;0;0.0;0.0;0.0;0;0;0;0;0.0;13;9;13;БД
381;0.0;0.0;1.0;0.0;0.0;0.0;0.0;0.0;0.0;0.0;0;0.0;0.0;0.0;0.0;0.0;0.0;0.0;0;0;1.0;0.0;0;0.0;0.0;0.0;0.0;0;0;0.0;0;0;0;0;0;0.0;0.0;0;0.0;0.0;1.0;0;0.0;0.0;1.0;0;0;0;0;0.0;13;15;13;БД
382;0.0;0.0;0.0;0.0;0.0;0.0;0.0;0.0;0.0;0.0;0;0.0;0.0;0.0;0.0;0.0;0.0;0.0;0;0;0.0;0.0;0;0.0;0.0;0.0;0.0;0;0;0.0;0;0;0;0;0;0.0;0.0;0;0.0;0.0;0.0;0;0.0;0.0;0.0;0;0;0;0;0.0;13;11;13;БД
383;0.0;0.0;0.0;0.0;1.0;1.0;0.0;0.0;0.0;0.0;0;0.0;0.0;0.0;0.0;0.0;0.0;0.0;0;0;0.0;0.0;0;0.0;0.0;0.0;0.0;0;0;0.0;0;0;0;0;0;0.0;0.0;0;0.0;0.0;0.0;0;0.0;0.0;0.0;0;0;0;0;0.0;13;9;13;БД
384;0.0;0.0;0.0;0.0;0.0;0.0;0.0;0.0;0.0;0.0;0;0.0;0.0;0.0;0.0;0.0;0.0;0.0;0;0;0.0;0.0;0;0.0;0.0;0.0;0.0;0;0;0.0;0;0;0;0;0;0.0;0.0;0;0.0;0.0;0.0;0;0.0;0.0;0.0;0;0;0;0;0.0;13;11;13;БД
385;0.0;0.0;0.0;0.0;0.0;1.0;0.0;0.0;0.0;0.0;0;0.0;0.0;0.0;0.0;0.0;0.0;0.0;0;0;0.0;0.0;0;0.0;0.0;0.0;0.0;0;0;0.0;0;0;0;0;0;0.0;0.0;0;0.0;0.0;0.0;0;0.0;0.0;0.0;0;0;0;0;0.0;13;9;13;БД
386;0.0;0.0;0.0;0.0;0.0;0.0;0.0;0.0;0.0;0.0;0;0.0;0.0;0.0;0.0;0.0;0.0;0.0;0;0;0.0;0.0;0;0.0;0.0;0.0;0.0;0;0;0.0;0;0;0;0;0;0.0;0.0;0;0.0;0.0;0.0;0;0.0;0.0;0.0;0;0;0;0;0.0;13;11;13;БД
387;0.0;0.0;0.0;0.0;0.0;0.0;0.0;0.0;0.0;0.0;0;0.0;0.0;0.0;0.0;0.0;0.0;0.0;0;0;0.0;0.0;0;0.0;0.0;0.0;0.0;0;0;0.0;0;0;0;0;0;0.0;0.0;0;0.0;0.0;0.0;0;0.0;0.0;0.0;0;0;0;0;0.0;13;11;13;БД
388;0.0;0.0;0.0;0.0;0.0;0.0;0.0;0.0;0.0;0.0;0;0.0;0.0;0.0;0.0;0.0;0.0;0.0;0;0;0.0;0.0;0;0.0;0.0;0.0;0.0;0;0;0.0;0;0;0;0;0;0.0;0.0;0;0.0;0.0;0.0;0;0.0;0.0;0.0;0;0;0;0;0.0;13;11;13;БД
389;0.0;0.0;0.0;0.0;0.0;0.0;0.0;0.0;0.0;0.0;0;0.0;0.0;0.0;1.0;0.0;0.0;0.0;0;0;0.0;0.0;0;0.0;0.0;0.0;0.0;0;0;0.0;0;0;0;0;0;0.0;0.0;0;0.0;0.0;0.0;0;0.0;0.0;0.0;0;0;0;0;0.0;13;3;13;БД
390;0.0;0.0;0.0;0.0;0.0;0.0;0.0;0.0;0.0;0.0;0;0.0;0.0;0.0;0.0;0.0;1.0;0.0;0;0;0.0;0.0;0;0.0;0.0;0.0;0.0;0;0;0.0;0;0;0;0;0;0.0;0.0;0;0.0;0.0;0.0;0;0.0;0.0;0.0;0;0;0;0;0.0;13;13;13;БД
391;0.0;0.0;0.0;0.0;0.0;0.0;0.0;0.0;0.0;0.0;0;0.0;0.0;0.0;0.0;0.0;0.0;0.0;0;0;0.0;0.0;0;0.0;0.0;0.0;0.0;0;0;0.0;0;0;0;0;0;0.0;0.0;0;0.0;0.0;0.0;0;0.0;0.0;0.0;0;0;0;0;0.0;13;11;13;БД
392;0.0;0.0;0.0;0.0;0.0;0.0;0.0;0.0;0.0;0.0;0;0.0;0.0;0.0;0.0;0.0;0.0;0.0;0;0;0.0;0.0;0;0.0;0.0;0.0;0.0;0;0;0.0;0;0;0;0;0;0.0;0.0;0;0.0;0.0;0.0;0;0.0;0.0;0.0;0;0;0;0;0.0;13;11;13;БД
393;0.0;0.0;0.0;0.0;0.0;0.0;0.0;0.0;0.0;0.0;0;0.0;0.0;0.0;0.0;0.0;0.0;0.0;0;0;0.0;0.0;0;0.0;0.0;0.0;0.0;0;0;0.0;0;0;0;0;0;0.0;0.0;0;0.0;0.0;0.0;0;0.0;0.0;0.0;0;0;0;0;0.0;13;11;13;БД
394;0.0;0.0;0.0;0.0;0.0;1.0;0.0;0.0;0.0;0.0;0;0.0;0.0;0.0;0.0;0.0;0.0;0.0;0;0;0.0;0.0;0;0.0;0.0;0.0;0.0;0;0;0.0;0;0;0;0;0;0.0;0.0;0;0.0;0.0;0.0;0;0.0;0.0;0.0;0;0;0;0;0.0;13;9;13;БД
395;0.0;0.0;0.0;0.0;0.0;0.0;0.0;0.0;0.0;0.0;0;0.0;0.0;0.0;0.0;0.0;0.0;0.0;0;0;0.0;0.0;0;0.0;0.0;0.0;0.0;0;0;0.0;0;0;0;0;0;0.0;0.0;0;0.0;0.0;0.0;0;0.0;0.0;0.0;0;0;0;0;0.0;13;11;13;БД
396;0.0;0.0;0.0;0.0;0.0;0.0;0.0;0.0;1.0;0.0;0;0.0;0.0;0.0;0.0;0.0;0.0;0.0;0;0;0.0;0.0;0;0.0;0.0;0.0;0.0;0;0;1.0;0;0;0;0;0;0.0;0.0;0;0.0;0.0;0.0;0;0.0;0.0;0.0;0;0;0;0;0.0;14;14;14;Другие web
397;0.0;0.0;0.0;0.0;0.0;0.0;0.0;0.0;0.0;0.0;0;0.0;0.0;0.0;0.0;0.0;0.0;0.0;0;0;0.0;0.0;0;0.0;0.0;0.0;0.0;0;0;0.0;0;0;0;0;0;0.0;0.0;0;0.0;0.0;0.0;0;0.0;0.0;0.0;0;0;0;0;0.0;14;11;14;Другие web
398;0.0;0.0;0.0;0.0;0.0;0.0;0.0;0.0;1.0;0.0;0;0.0;0.0;0.0;0.0;0.0;0.0;0.0;0;0;0.0;0.0;0;1.0;0.0;0.0;0.0;0;0;0.0;0;0;0;0;0;0.0;0.0;0;0.0;0.0;0.0;0;0.0;0.0;0.0;0;0;0;0;0.0;14;6;14;Другие web
399;0.0;0.0;0.0;0.0;0.0;0.0;0.0;0.0;1.0;0.0;0;0.0;0.0;0.0;0.0;0.0;0.0;0.0;0;0;0.0;0.0;0;0.0;0.0;0.0;0.0;0;0;1.0;0;0;0;0;0;0.0;0.0;0;0.0;0.0;0.0;0;0.0;0.0;0.0;0;0;0;0;0.0;14;14;14;Другие web
400;0.0;0.0;0.0;0.0;0.0;0.0;0.0;0.0;0.0;0.0;0;0.0;0.0;0.0;0.0;0.0;0.0;0.0;0;0;0.0;0.0;0;0.0;0.0;0.0;0.0;0;0;0.0;0;0;0;0;0;0.0;0.0;0;0.0;0.0;0.0;0;0.0;0.0;0.0;0;0;0;0;0.0;14;11;14;Другие web
401;0.0;0.0;0.0;0.0;0.0;0.0;0.0;0.0;1.0;0.0;0;0.0;0.0;0.0;0.0;0.0;0.0;0.0;0;0;0.0;0.0;0;0.0;0.0;0.0;0.0;0;0;1.0;0;0;0;0;0;0.0;0.0;0;0.0;0.0;0.0;0;0.0;0.0;0.0;0;0;0;0;0.0;14;14;14;Другие web
402;0.0;0.0;0.0;0.0;0.0;0.0;0.0;0.0;0.0;0.0;0;0.0;0.0;0.0;0.0;0.0;0.0;0.0;0;0;0.0;0.0;0;0.0;0.0;0.0;0.0;0;0;0.0;0;0;0;0;0;0.0;0.0;0;0.0;0.0;0.0;0;0.0;0.0;0.0;0;0;0;0;0.0;14;11;14;Другие web
403;0.0;0.0;0.0;0.0;0.0;0.0;0.0;0.0;1.0;1.0;0;0.0;0.0;0.0;0.0;0.0;0.0;0.0;0;0;0.0;0.0;0;0.0;1.0;0.0;1.0;0;0;1.0;0;0;0;0;0;0.0;0.0;0;0.0;0.0;0.0;0;0.0;0.0;0.0;0;0;0;0;0.0;14;14;14;Другие web
404;0.0;0.0;0.0;0.0;0.0;0.0;0.0;0.0;0.0;0.0;0;0.0;0.0;0.0;0.0;0.0;0.0;0.0;0;0;0.0;0.0;0;0.0;0.0;0.0;0.0;0;0;0.0;0;0;0;0;0;0.0;0.0;0;0.0;0.0;0.0;0;0.0;0.0;0.0;0;0;0;0;0.0;14;11;14;Другие web
405;0.0;0.0;0.0;0.0;0.0;0.0;0.0;0.0;1.0;0.0;0;0.0;0.0;0.0;0.0;0.0;0.0;0.0;0;0;0.0;0.0;0;0.0;0.0;0.0;0.0;0;0;1.0;0;0;0;0;0;0.0;0.0;0;0.0;0.0;0.0;0;0.0;0.0;0.0;0;0;0;0;0.0;14;14;14;Другие web
406;0.0;0.0;0.0;0.0;0.0;0.0;0.0;0.0;0.0;1.0;0;0.0;0.0;0.0;0.0;0.0;0.0;0.0;0;0;0.0;0.0;0;0.0;0.0;0.0;1.0;0;0;0.0;0;0;0;0;0;0.0;0.0;0;0.0;0.0;0.0;0;0.0;0.0;0.0;0;0;0;0;0.0;14;11;14;Другие web
407;0.0;0.0;0.0;0.0;0.0;0.0;0.0;0.0;0.0;0.0;0;0.0;0.0;0.0;0.0;0.0;0.0;0.0;0;0;0.0;0.0;0;0.0;0.0;0.0;0.0;0;0;0.0;0;0;0;0;0;0.0;0.0;0;0.0;0.0;0.0;0;1.0;1.0;0.0;0;0;0;0;0.0;14;11;14;Другие web
408;0.0;0.0;0.0;0.0;0.0;0.0;0.0;0.0;1.0;0.0;0;0.0;0.0;0.0;0.0;0.0;0.0;0.0;0;0;0.0;0.0;0;0.0;0.0;0.0;0.0;0;0;1.0;0;0;0;0;0;0.0;0.0;0;0.0;0.0;0.0;0;0.0;0.0;0.0;0;0;0;0;0.0;14;14;14;Другие web
409;0.0;0.0;0.0;0.0;0.0;0.0;0.0;0.0;1.0;0.0;0;0.0;0.0;0.0;0.0;0.0;0.0;0.0;0;0;0.0;0.0;0;1.0;0.0;0.0;0.0;0;0;1.0;0;0;0;0;0;0.0;0.0;0;0.0;0.0;0.0;0;0.0;0.0;0.0;0;0;0;0;0.0;14;14;14;Другие web
410;0.0;0.0;0.0;0.0;0.0;0.0;0.0;0.0;0.0;0.0;0;0.0;0.0;0.0;0.0;0.0;0.0;0.0;0;0;0.0;0.0;0;0.0;0.0;0.0;0.0;0;0;0.0;0;0;0;0;0;0.0;0.0;0;0.0;0.0;0.0;0;0.0;0.0;0.0;0;0;0;0;0.0;14;11;14;Другие web
411;0.0;0.0;0.0;0.0;0.0;0.0;0.0;0.0;0.0;0.0;0;0.0;0.0;0.0;0.0;0.0;0.0;0.0;0;0;0.0;0.0;0;0.0;0.0;0.0;0.0;0;0;0.0;0;0;0;0;0;0.0;0.0;0;0.0;0.0;0.0;0;0.0;0.0;0.0;0;0;0;0;0.0;14;11;14;Другие web
412;0.0;0.0;0.0;0.0;0.0;0.0;0.0;0.0;0.0;0.0;0;0.0;0.0;0.0;0.0;0.0;0.0;0.0;0;0;0.0;0.0;0;0.0;0.0;0.0;0.0;0;0;0.0;0;0;0;0;0;0.0;0.0;0;0.0;0.0;0.0;0;0.0;0.0;0.0;0;0;0;0;0.0;14;11;14;Другие web
413;0.0;0.0;0.0;0.0;0.0;0.0;0.0;0.0;0.0;0.0;0;0.0;0.0;0.0;0.0;0.0;0.0;0.0;0;0;0.0;0.0;0;0.0;0.0;0.0;0.0;0;0;0.0;0;0;0;0;0;0.0;0.0;0;0.0;0.0;0.0;0;0.0;0.0;0.0;0;0;0;0;0.0;14;11;14;Другие web
414;0.0;0.0;0.0;0.0;0.0;0.0;0.0;0.0;0.0;0.0;0;0.0;0.0;0.0;0.0;0.0;0.0;0.0;0;0;0.0;0.0;0;0.0;0.0;0.0;0.0;0;0;0.0;0;0;0;0;0;0.0;0.0;0;0.0;0.0;0.0;0;0.0;0.0;0.0;0;0;0;0;0.0;14;11;14;Другие web
415;0.0;0.0;0.0;0.0;1.0;0.0;1.0;0.0;0.0;0.0;0;0.0;0.0;1.0;0.0;0.0;0.0;0.0;0;0;0.0;0.0;0;0.0;0.0;0.0;0.0;0;0;0.0;0;0;0;0;0;0.0;0.0;0;0.0;0.0;0.0;0;0.0;0.0;0.0;0;0;0;0;0.0;15;3;15;Другие разработчики
416;0.0;0.0;0.0;0.0;1.0;0.0;0.0;0.0;0.0;0.0;0;0.0;0.0;0.0;0.0;0.0;0.0;1.0;0;0;0.0;0.0;0;0.0;0.0;0.0;0.0;0;0;0.0;0;0;0;0;0;0.0;0.0;0;0.0;0.0;0.0;0;0.0;0.0;1.0;0;0;0;0;0.0;15;15;15;Другие разработчики
417;0.0;0.0;0.0;0.0;0.0;0.0;0.0;0.0;0.0;0.0;0;0.0;0.0;0.0;0.0;0.0;0.0;0.0;0;0;0.0;0.0;0;0.0;0.0;0.0;0.0;0;0;0.0;0;0;0;0;0;0.0;0.0;0;0.0;0.0;0.0;0;0.0;0.0;0.0;0;0;0;0;0.0;15;11;15;Другие разработчики
418;0.0;0.0;0.0;0.0;0.0;0.0;0.0;0.0;0.0;0.0;0;0.0;0.0;0.0;0.0;0.0;0.0;0.0;0;0;0.0;0.0;0;0.0;0.0;0.0;0.0;0;0;0.0;0;0;0;0;0;0.0;0.0;0;0.0;0.0;0.0;0;0.0;0.0;0.0;0;0;0;0;0.0;15;11;15;Другие разработчики
419;0.0;0.0;0.0;0.0;1.0;0.0;1.0;0.0;0.0;0.0;0;0.0;0.0;1.0;0.0;0.0;0.0;0.0;0;0;0.0;0.0;0;0.0;0.0;0.0;0.0;0;0;0.0;0;0;0;0;0;0.0;0.0;0;0.0;0.0;0.0;0;0.0;0.0;0.0;0;0;0;0;0.0;15;3;15;Другие разработчики
420;0.0;0.0;0.0;0.0;0.0;0.0;1.0;1.0;0.0;0.0;0;0.0;0.0;0.0;0.0;0.0;0.0;0.0;0;0;0.0;0.0;0;0.0;0.0;0.0;0.0;0;0;0.0;0;0;0;0;0;0.0;0.0;0;0.0;0.0;0.0;0;0.0;0.0;0.0;0;0;0;0;0.0;15;16;15;Другие разработчики
421;0.0;0.0;0.0;0.0;0.0;0.0;0.0;0.0;0.0;0.0;0;0.0;0.0;0.0;0.0;0.0;0.0;0.0;0;0;0.0;0.0;0;0.0;0.0;0.0;0.0;0;0;0.0;0;0;0;0;0;0.0;0.0;0;0.0;0.0;0.0;0;0.0;0.0;0.0;0;0;0;0;0.0;15;11;15;Другие разработчики
422;0.0;0.0;0.0;0.0;0.0;0.0;1.0;0.0;0.0;0.0;0;0.0;0.0;1.0;0.0;0.0;0.0;0.0;0;0;0.0;0.0;0;0.0;0.0;0.0;0.0;0;0;0.0;0;0;0;0;0;0.0;0.0;0;0.0;0.0;0.0;0;0.0;0.0;0.0;0;0;0;0;0.0;15;3;15;Другие разработчики
423;0.0;0.0;0.0;0.0;0.0;0.0;0.0;0.0;0.0;0.0;0;0.0;0.0;0.0;0.0;0.0;0.0;0.0;0;0;0.0;0.0;0;0.0;0.0;0.0;0.0;0;0;0.0;0;0;0;0;0;0.0;0.0;0;0.0;0.0;0.0;0;0.0;0.0;0.0;0;0;0;0;0.0;15;11;15;Другие разработчики
424;0.0;0.0;0.0;0.0;1.0;0.0;0.0;0.0;1.0;0.0;0;0.0;0.0;0.0;0.0;0.0;0.0;0.0;0;0;0.0;0.0;0;0.0;0.0;0.0;0.0;0;0;0.0;0;0;0;0;0;0.0;0.0;0;0.0;0.0;0.0;0;0.0;0.0;0.0;0;0;0;0;0.0;15;11;15;Другие разработчики
425;0.0;0.0;1.0;0.0;1.0;0.0;0.0;0.0;0.0;0.0;0;0.0;0.0;0.0;0.0;0.0;1.0;0.0;0;0;0.0;0.0;0;0.0;0.0;0.0;0.0;0;0;0.0;0;0;0;0;0;0.0;0.0;0;0.0;0.0;1.0;0;0.0;0.0;1.0;0;0;0;0;0.0;15;15;15;Другие разработчики
426;0.0;0.0;0.0;0.0;1.0;0.0;0.0;0.0;0.0;0.0;0;0.0;0.0;0.0;0.0;0.0;0.0;0.0;0;0;0.0;0.0;0;0.0;0.0;0.0;0.0;0;0;0.0;0;0;0;0;0;0.0;0.0;0;0.0;0.0;0.0;0;0.0;0.0;0.0;0;0;0;0;0.0;15;11;15;Другие разработчики
427;0.0;0.0;0.0;0.0;0.0;0.0;0.0;0.0;1.0;0.0;0;0.0;0.0;0.0;1.0;0.0;0.0;0.0;0;0;0.0;1.0;0;1.0;0.0;0.0;0.0;0;0;0.0;0;0;0;0;0;0.0;0.0;0;0.0;0.0;0.0;0;0.0;0.0;0.0;0;0;0;0;0.0;15;3;15;Другие разработчики
428;0.0;0.0;0.0;0.0;1.0;0.0;1.0;0.0;0.0;0.0;0;0.0;0.0;1.0;0.0;0.0;0.0;0.0;0;0;0.0;0.0;0;0.0;0.0;0.0;0.0;0;0;0.0;0;0;0;0;0;0.0;0.0;0;0.0;0.0;0.0;0;0.0;0.0;0.0;0;0;0;0;0.0;15;3;15;Другие разработчики
429;0.0;0.0;1.0;0.0;0.0;0.0;0.0;0.0;0.0;0.0;0;0.0;0.0;0.0;0.0;0.0;0.0;0.0;0;0;0.0;0.0;0;0.0;0.0;0.0;0.0;0;0;0.0;0;0;0;0;0;0.0;0.0;0;0.0;0.0;0.0;0;0.0;0.0;0.0;0;0;0;0;0.0;15;1;15;Другие разработчики
430;0.0;0.0;0.0;0.0;1.0;0.0;1.0;0.0;0.0;0.0;0;0.0;0.0;1.0;0.0;0.0;0.0;0.0;0;0;0.0;0.0;0;0.0;0.0;0.0;0.0;0;0;0.0;0;0;0;0;0;0.0;0.0;0;0.0;0.0;0.0;0;0.0;0.0;0.0;0;0;0;0;0.0;15;3;15;Другие разработчики
431;0.0;0.0;0.0;0.0;1.0;0.0;1.0;0.0;0.0;0.0;0;0.0;0.0;1.0;0.0;0.0;0.0;0.0;0;0;0.0;0.0;0;0.0;0.0;0.0;0.0;0;0;0.0;0;0;0;0;0;0.0;0.0;0;0.0;0.0;0.0;0;0.0;0.0;0.0;0;0;0;0;0.0;15;3;15;Другие разработчики
432;0.0;0.0;0.0;0.0;1.0;0.0;1.0;0.0;0.0;0.0;0;0.0;0.0;1.0;0.0;0.0;0.0;0.0;0;0;0.0;0.0;0;0.0;0.0;0.0;0.0;0;0;0.0;0;0;0;0;0;0.0;0.0;0;0.0;0.0;0.0;0;0.0;0.0;0.0;0;0;0;0;0.0;15;3;15;Другие разработчики
433;0.0;0.0;0.0;0.0;1.0;0.0;1.0;0.0;0.0;0.0;0;0.0;0.0;1.0;0.0;0.0;0.0;0.0;0;0;0.0;0.0;0;0.0;0.0;0.0;0.0;0;0;0.0;0;0;0;0;0;0.0;0.0;0;0.0;0.0;0.0;0;0.0;0.0;0.0;0;0;0;0;0.0;15;3;15;Другие разработчики
434;0.0;0.0;0.0;0.0;1.0;0.0;1.0;0.0;0.0;0.0;0;0.0;0.0;1.0;0.0;0.0;0.0;0.0;0;0;0.0;0.0;0;0.0;0.0;0.0;0.0;0;0;0.0;0;0;0;0;0;0.0;0.0;0;0.0;0.0;0.0;0;0.0;0.0;0.0;0;0;0;0;0.0;15;3;15;Другие разработчики
435;0.0;0.0;0.0;0.0;0.0;0.0;0.0;0.0;0.0;0.0;0;0.0;0.0;0.0;0.0;0.0;0.0;0.0;0;0;0.0;0.0;0;0.0;0.0;0.0;0.0;0;0;0.0;0;0;0;0;0;0.0;0.0;0;0.0;0.0;0.0;0;0.0;0.0;0.0;0;0;0;0;0.0;15;11;15;Другие разработчики
436;0.0;0.0;0.0;0.0;0.0;0.0;0.0;0.0;0.0;0.0;0;0.0;0.0;0.0;0.0;0.0;0.0;0.0;0;0;0.0;0.0;0;0.0;0.0;0.0;0.0;0;0;0.0;0;0;0;0;0;0.0;0.0;0;0.0;0.0;0.0;0;0.0;0.0;0.0;0;0;0;0;0.0;15;11;15;Другие разработчики
437;0.0;0.0;0.0;0.0;0.0;0.0;0.0;0.0;0.0;0.0;0;0.0;0.0;1.0;0.0;0.0;0.0;0.0;0;0;0.0;0.0;0;0.0;0.0;0.0;0.0;0;0;0.0;0;0;0;0;0;0.0;0.0;0;0.0;0.0;0.0;0;0.0;0.0;0.0;0;0;0;0;0.0;15;3;15;Другие разработчики
438;0.0;0.0;0.0;0.0;0.0;0.0;0.0;0.0;0.0;0.0;0;0.0;0.0;0.0;0.0;0.0;0.0;0.0;0;0;0.0;0.0;0;0.0;0.0;0.0;0.0;0;0;0.0;0;0;0;0;0;0.0;0.0;0;0.0;0.0;0.0;0;0.0;0.0;0.0;0;0;0;0;0.0;15;11;15;Другие разработчики
439;0.0;0.0;0.0;0.0;0.0;0.0;0.0;0.0;0.0;0.0;0;0.0;0.0;0.0;0.0;0.0;0.0;0.0;0;0;0.0;0.0;0;0.0;0.0;0.0;0.0;0;0;0.0;0;0;0;0;0;0.0;0.0;0;0.0;0.0;0.0;0;0.0;0.0;0.0;0;0;0;0;0.0;15;11;15;Другие разработчики
440;0.0;0.0;0.0;0.0;0.0;0.0;0.0;0.0;0.0;0.0;0;0.0;0.0;1.0;0.0;0.0;0.0;0.0;0;0;0.0;0.0;0;0.0;0.0;0.0;0.0;0;0;0.0;0;0;0;0;0;0.0;0.0;0;0.0;0.0;0.0;0;0.0;0.0;0.0;0;0;0;0;0.0;15;3;15;Другие разработчики
441;0.0;0.0;0.0;0.0;0.0;0.0;0.0;0.0;0.0;0.0;0;0.0;0.0;0.0;0.0;0.0;0.0;0.0;0;0;0.0;0.0;0;0.0;0.0;0.0;0.0;0;0;0.0;0;0;0;0;0;0.0;0.0;0;0.0;0.0;0.0;0;0.0;0.0;0.0;0;0;0;0;0.0;15;11;15;Другие разработчики
442;0.0;0.0;0.0;0.0;0.0;0.0;0.0;0.0;1.0;0.0;0;0.0;0.0;0.0;1.0;0.0;0.0;0.0;0;0;0.0;0.0;0;0.0;0.0;0.0;0.0;0;0;0.0;0;0;0;0;0;0.0;0.0;0;0.0;0.0;0.0;0;0.0;0.0;0.0;0;0;0;0;0.0;15;3;15;Другие разработчики
443;0.0;0.0;0.0;0.0;0.0;0.0;1.0;0.0;0.0;0.0;0;0.0;0.0;0.0;0.0;0.0;0.0;0.0;0;0;0.0;0.0;0;0.0;0.0;0.0;0.0;0;0;0.0;0;0;0;0;0;0.0;0.0;0;0.0;0.0;0.0;0;0.0;0.0;0.0;0;0;0;0;0.0;15;3;15;Другие разработчики
444;0.0;0.0;0.0;0.0;1.0;0.0;1.0;0.0;0.0;0.0;0;0.0;0.0;1.0;0.0;0.0;0.0;0.0;0;0;0.0;0.0;0;0.0;0.0;0.0;0.0;0;0;0.0;0;0;0;0;0;0.0;0.0;0;0.0;0.0;0.0;0;0.0;0.0;0.0;0;0;0;0;0.0;15;3;15;Другие разработчики
445;0.0;0.0;0.0;0.0;0.0;0.0;0.0;0.0;0.0;0.0;0;0.0;0.0;0.0;0.0;0.0;0.0;0.0;0;0;0.0;0.0;0;0.0;0.0;0.0;0.0;0;0;0.0;0;0;0;0;0;0.0;0.0;0;0.0;0.0;0.0;0;0.0;0.0;0.0;0;0;0;0;0.0;15;11;15;Другие разработчики
446;0.0;0.0;0.0;0.0;1.0;0.0;1.0;0.0;0.0;0.0;0;0.0;0.0;1.0;0.0;0.0;0.0;0.0;0;0;0.0;0.0;0;0.0;0.0;0.0;0.0;0;0;0.0;0;0;0;0;0;0.0;0.0;0;0.0;0.0;0.0;0;0.0;0.0;0.0;0;0;0;0;0.0;15;3;15;Другие разработчики
447;0.0;0.0;0.0;0.0;1.0;0.0;1.0;0.0;0.0;0.0;0;0.0;0.0;1.0;0.0;0.0;0.0;0.0;0;0;0.0;0.0;0;0.0;0.0;0.0;0.0;0;0;0.0;0;0;0;0;0;0.0;0.0;0;0.0;0.0;0.0;0;0.0;0.0;0.0;0;0;0;0;0.0;15;3;15;Другие разработчики
448;0.0;0.0;0.0;0.0;1.0;0.0;1.0;0.0;0.0;0.0;0;0.0;0.0;0.0;1.0;0.0;0.0;0.0;0;0;0.0;0.0;0;0.0;0.0;0.0;0.0;0;0;0.0;0;0;0;0;0;0.0;0.0;0;0.0;0.0;0.0;0;0.0;0.0;0.0;0;0;0;0;0.0;15;3;15;Другие разработчики
449;0.0;0.0;0.0;0.0;1.0;0.0;1.0;0.0;0.0;0.0;0;0.0;0.0;1.0;0.0;0.0;0.0;0.0;0;0;0.0;0.0;0;0.0;0.0;0.0;0.0;0;0;0.0;0;0;0;0;0;0.0;0.0;0;0.0;0.0;0.0;0;0.0;0.0;0.0;0;0;0;0;0.0;15;3;15;Другие разработчики
450;0.0;0.0;0.0;0.0;0.0;0.0;0.0;1.0;0.0;0.0;0;0.0;0.0;1.0;0.0;0.0;0.0;0.0;0;0;0.0;0.0;0;0.0;0.0;0.0;0.0;0;0;0.0;0;0;0;0;0;0.0;0.0;0;0.0;0.0;0.0;0;0.0;0.0;0.0;0;0;0;0;0.0;15;3;15;Другие разработчики
451;0.0;0.0;0.0;0.0;0.0;0.0;0.0;0.0;0.0;0.0;0;0.0;0.0;0.0;0.0;0.0;0.0;0.0;0;0;0.0;0.0;0;0.0;0.0;0.0;0.0;0;0;0.0;0;0;0;0;0;0.0;0.0;0;0.0;0.0;0.0;0;0.0;0.0;0.0;0;0;0;0;0.0;15;11;15;Другие разработчики
452;0.0;0.0;0.0;0.0;0.0;0.0;0.0;0.0;0.0;0.0;0;0.0;0.0;0.0;0.0;0.0;0.0;0.0;0;0;0.0;0.0;0;0.0;0.0;0.0;0.0;0;0;0.0;0;0;0;0;0;0.0;0.0;0;0.0;0.0;0.0;0;0.0;0.0;0.0;0;0;0;0;0.0;15;11;15;Другие разработчики
453;0.0;0.0;0.0;0.0;1.0;0.0;1.0;0.0;0.0;0.0;0;0.0;0.0;1.0;0.0;0.0;0.0;0.0;0;0;0.0;0.0;0;0.0;0.0;0.0;0.0;0;0;0.0;0;0;0;0;0;0.0;0.0;0;0.0;0.0;0.0;0;0.0;0.0;0.0;0;0;0;0;0.0;15;3;15;Другие разработчики
454;0.0;0.0;0.0;0.0;0.0;0.0;0.0;0.0;0.0;0.0;0;0.0;0.0;0.0;0.0;0.0;0.0;0.0;0;0;0.0;0.0;0;0.0;0.0;0.0;0.0;0;0;0.0;0;0;0;0;0;0.0;0.0;0;0.0;0.0;0.0;0;0.0;0.0;0.0;0;0;0;0;0.0;15;11;15;Другие разработчики
455;0.0;0.0;0.0;1.0;0.0;0.0;0.0;0.0;0.0;0.0;0;0.0;0.0;1.0;0.0;0.0;0.0;0.0;0;0;0.0;0.0;0;0.0;0.0;0.0;0.0;0;0;0.0;0;0;0;0;0;0.0;0.0;0;0.0;0.0;0.0;0;0.0;0.0;0.0;0;0;0;0;0.0;15;3;15;Другие разработчики
456;0.0;0.0;0.0;0.0;1.0;0.0;1.0;0.0;0.0;0.0;0;0.0;0.0;1.0;0.0;0.0;0.0;0.0;0;0;0.0;0.0;0;0.0;0.0;0.0;0.0;0;0;0.0;0;0;0;0;0;0.0;0.0;0;0.0;0.0;0.0;0;0.0;0.0;0.0;0;0;0;0;0.0;15;3;15;Другие разработчики
457;0.0;0.0;0.0;0.0;1.0;0.0;1.0;0.0;0.0;0.0;0;0.0;0.0;1.0;0.0;0.0;0.0;0.0;0;0;0.0;0.0;0;0.0;0.0;0.0;0.0;0;0;0.0;0;0;0;0;0;0.0;0.0;0;0.0;0.0;0.0;0;0.0;0.0;0.0;0;0;0;0;0.0;15;3;15;Другие разработчики
458;0.0;0.0;0.0;0.0;0.0;0.0;0.0;0.0;0.0;0.0;0;0.0;0.0;0.0;0.0;0.0;0.0;0.0;0;0;0.0;0.0;0;0.0;0.0;0.0;0.0;0;0;0.0;0;0;0;0;0;0.0;0.0;0;0.0;0.0;0.0;0;0.0;0.0;0.0;0;0;0;0;0.0;15;11;15;Другие разработчики
459;0.0;0.0;0.0;0.0;0.0;0.0;0.0;0.0;0.0;0.0;0;0.0;0.0;0.0;0.0;0.0;0.0;0.0;0;0;0.0;0.0;0;0.0;0.0;0.0;0.0;0;0;0.0;0;0;0;0;0;0.0;0.0;0;0.0;0.0;0.0;0;0.0;0.0;0.0;0;0;0;0;0.0;15;11;15;Другие разработчики
460;0.0;0.0;0.0;0.0;1.0;0.0;1.0;0.0;0.0;0.0;0;0.0;0.0;1.0;0.0;0.0;0.0;0.0;0;0;0.0;0.0;0;0.0;0.0;0.0;0.0;0;0;0.0;0;0;0;0;0;0.0;0.0;0;0.0;0.0;0.0;0;0.0;0.0;0.0;0;0;0;0;0.0;15;3;15;Другие разработчики
461;0.0;0.0;0.0;0.0;0.0;0.0;0.0;0.0;0.0;0.0;0;0.0;0.0;0.0;0.0;0.0;0.0;0.0;0;0;0.0;0.0;0;0.0;0.0;0.0;0.0;0;0;0.0;0;0;0;0;0;0.0;0.0;0;0.0;0.0;0.0;0;0.0;0.0;0.0;0;0;0;0;0.0;15;11;15;Другие разработчики
462;0.0;0.0;0.0;0.0;0.0;0.0;0.0;0.0;0.0;0.0;0;0.0;0.0;0.0;0.0;0.0;0.0;0.0;0;0;0.0;0.0;0;0.0;0.0;0.0;0.0;0;0;0.0;0;0;0;0;0;0.0;0.0;0;0.0;0.0;0.0;0;0.0;0.0;0.0;0;0;0;0;0.0;15;11;15;Другие разработчики
463;0.0;0.0;0.0;0.0;0.0;0.0;0.0;0.0;0.0;0.0;0;0.0;0.0;0.0;0.0;0.0;0.0;0.0;0;0;0.0;0.0;0;0.0;0.0;0.0;0.0;0;0;0.0;0;0;0;0;0;0.0;0.0;0;0.0;0.0;0.0;0;0.0;0.0;0.0;0;0;0;0;0.0;15;11;15;Другие разработчики
464;0.0;0.0;0.0;0.0;0.0;0.0;0.0;0.0;0.0;0.0;0;0.0;0.0;0.0;0.0;0.0;0.0;0.0;0;0;0.0;0.0;0;0.0;0.0;0.0;0.0;0;0;0.0;0;0;0;0;0;0.0;0.0;0;0.0;0.0;0.0;0;0.0;0.0;0.0;0;0;0;0;0.0;15;11;15;Другие разработчики
465;0.0;0.0;0.0;0.0;0.0;0.0;0.0;1.0;0.0;0.0;0;0.0;0.0;0.0;0.0;0.0;0.0;0.0;0;0;0.0;0.0;0;0.0;0.0;0.0;0.0;0;0;0.0;0;0;0;0;0;0.0;0.0;0;0.0;0.0;0.0;0;0.0;0.0;0.0;0;0;0;0;0.0;16;16;16;Питон
466;0.0;0.0;0.0;0.0;0.0;0.0;0.0;1.0;0.0;0.0;0;0.0;0.0;0.0;0.0;0.0;0.0;0.0;0;0;0.0;0.0;0;0.0;0.0;0.0;0.0;0;0;0.0;0;0;0;0;0;0.0;0.0;0;0.0;0.0;0.0;0;0.0;0.0;0.0;0;0;0;0;0.0;16;16;16;Питон
467;0.0;0.0;0.0;0.0;0.0;0.0;0.0;1.0;0.0;0.0;0;0.0;0.0;0.0;0.0;0.0;0.0;0.0;0;0;0.0;0.0;0;0.0;0.0;0.0;0.0;0;0;0.0;0;0;0;0;0;0.0;0.0;0;0.0;0.0;0.0;0;0.0;0.0;0.0;0;0;0;0;0.0;16;16;16;Питон
468;0.0;0.0;0.0;0.0;1.0;0.0;0.0;1.0;0.0;0.0;0;0.0;0.0;0.0;0.0;0.0;0.0;0.0;0;0;0.0;0.0;0;0.0;0.0;0.0;0.0;0;0;0.0;0;0;0;0;0;0.0;0.0;0;0.0;0.0;0.0;0;0.0;0.0;0.0;0;0;0;0;0.0;16;2;16;Питон
469;0.0;0.0;0.0;0.0;0.0;0.0;0.0;1.0;0.0;0.0;0;0.0;0.0;0.0;0.0;0.0;0.0;0.0;0;0;0.0;0.0;0;0.0;0.0;0.0;0.0;0;0;0.0;0;0;0;0;0;0.0;0.0;0;0.0;0.0;0.0;0;0.0;0.0;0.0;0;0;0;0;0.0;16;16;16;Питон
470;0.0;0.0;0.0;0.0;0.0;0.0;0.0;1.0;0.0;0.0;0;0.0;0.0;0.0;0.0;0.0;0.0;0.0;0;0;0.0;0.0;0;0.0;0.0;0.0;0.0;0;0;0.0;0;0;0;0;0;0.0;0.0;0;0.0;0.0;0.0;0;0.0;0.0;0.0;0;0;0;0;0.0;16;16;16;Питон
471;0.0;0.0;0.0;0.0;0.0;0.0;0.0;1.0;0.0;0.0;0;0.0;0.0;0.0;0.0;0.0;0.0;0.0;0;0;0.0;0.0;0;0.0;0.0;0.0;0.0;0;0;0.0;0;0;0;0;0;0.0;0.0;0;0.0;0.0;0.0;0;0.0;0.0;0.0;0;0;0;0;0.0;16;16;16;Питон
472;0.0;0.0;0.0;0.0;0.0;0.0;0.0;0.0;1.0;0.0;0;0.0;0.0;0.0;0.0;0.0;0.0;0.0;0;0;0.0;0.0;0;0.0;0.0;0.0;1.0;0;0;0.0;0;0;0;0;0;0.0;0.0;0;0.0;0.0;0.0;0;1.0;0.0;1.0;0;0;0;0;0.0;16;16;16;Питон
473;0.0;0.0;0.0;0.0;0.0;0.0;0.0;1.0;0.0;0.0;0;0.0;0.0;0.0;0.0;0.0;0.0;0.0;0;0;0.0;0.0;0;0.0;0.0;0.0;0.0;0;0;0.0;0;0;0;0;0;0.0;0.0;0;0.0;0.0;0.0;0;0.0;0.0;0.0;0;0;0;0;0.0;16;16;16;Питон
474;0.0;0.0;0.0;0.0;0.0;0.0;0.0;1.0;0.0;0.0;0;0.0;0.0;0.0;0.0;0.0;0.0;0.0;0;0;0.0;1.0;0;0.0;0.0;0.0;0.0;0;0;0.0;0;0;0;0;0;0.0;0.0;0;0.0;0.0;0.0;0;0.0;0.0;0.0;0;0;0;0;0.0;16;11;16;Питон
475;0.0;0.0;0.0;0.0;0.0;0.0;0.0;0.0;0.0;0.0;0;0.0;0.0;0.0;0.0;0.0;0.0;0.0;0;0;0.0;0.0;0;0.0;0.0;0.0;0.0;0;0;0.0;0;0;0;0;0;0.0;0.0;0;0.0;0.0;0.0;0;0.0;0.0;0.0;0;0;0;0;0.0;16;11;16;Питон
476;0.0;0.0;0.0;0.0;0.0;0.0;0.0;0.0;0.0;0.0;0;0.0;0.0;0.0;0.0;0.0;0.0;0.0;0;0;0.0;0.0;0;0.0;0.0;0.0;0.0;0;0;0.0;0;0;0;0;0;0.0;0.0;0;0.0;0.0;0.0;0;0.0;0.0;0.0;0;0;0;0;0.0;16;11;16;Питон
477;0.0;0.0;0.0;0.0;0.0;0.0;0.0;1.0;0.0;0.0;0;0.0;0.0;0.0;0.0;0.0;0.0;0.0;0;0;0.0;0.0;0;0.0;0.0;0.0;0.0;0;0;0.0;0;0;0;0;0;0.0;0.0;0;0.0;0.0;0.0;0;0.0;0.0;0.0;0;0;0;0;0.0;16;16;16;Питон
