;Index;id;group;city_Екатеринбург;city_Новосибирск;city_Санкт-Петербург;min_experience_0;min_experience_1;min_experience_3; SQL; CSS; Java; ООП; Git; JavaScript; HTML; C#;C++;JavaScript
0;2;2;0;0;0;1;0;1;0;0.0;0.0;0.0;0.0;0.0;0.0;0.0;0.0;0.0;0.0
1;4;4;0;0;0;1;0;1;0;0.0;0.0;0.0;0.0;0.0;0.0;0.0;0.0;0.0;0.0
2;17;17;0;0;0;1;0;0;0;1.0;0.0;0.0;0.0;0.0;0.0;0.0;0.0;0.0;0.0
3;23;23;0;0;0;1;0;0;1;0.0;0.0;0.0;0.0;0.0;0.0;0.0;0.0;0.0;0.0
4;29;29;0;0;0;1;0;0;1;0.0;0.0;0.0;0.0;0.0;0.0;0.0;0.0;0.0;0.0
5;32;32;0;0;0;1;0;1;0;0.0;0.0;0.0;0.0;0.0;0.0;0.0;0.0;0.0;0.0
6;35;35;0;0;0;1;0;1;0;0.0;0.0;0.0;0.0;0.0;0.0;0.0;0.0;0.0;0.0
7;36;36;0;0;0;1;0;1;0;0.0;0.0;0.0;0.0;0.0;0.0;0.0;0.0;0.0;0.0
8;46;46;0;0;0;1;0;0;0;0.0;0.0;0.0;0.0;0.0;0.0;0.0;0.0;0.0;0.0
9;51;51;0;0;0;1;0;0;1;0.0;0.0;0.0;0.0;0.0;0.0;0.0;0.0;0.0;0.0
10;56;56;0;0;0;1;0;0;1;0.0;0.0;0.0;0.0;0.0;0.0;0.0;0.0;0.0;0.0
11;65;65;0;0;0;1;0;1;0;0.0;0.0;0.0;0.0;0.0;0.0;0.0;0.0;0.0;0.0
12;67;67;0;0;0;1;0;0;1;0.0;0.0;0.0;0.0;0.0;0.0;0.0;0.0;0.0;0.0
13;69;69;0;0;0;1;0;0;1;0.0;0.0;0.0;0.0;0.0;0.0;0.0;0.0;0.0;0.0
14;82;82;0;0;0;1;0;0;1;0.0;0.0;0.0;0.0;0.0;0.0;0.0;0.0;0.0;0.0
15;84;84;0;0;0;1;0;0;1;0.0;0.0;0.0;0.0;0.0;0.0;0.0;0.0;0.0;0.0
16;85;85;0;0;0;1;0;0;1;0.0;0.0;0.0;0.0;0.0;0.0;0.0;0.0;0.0;0.0
17;91;91;0;0;0;1;0;0;1;0.0;0.0;0.0;0.0;0.0;0.0;0.0;0.0;0.0;0.0
18;98;98;0;0;0;1;1;0;0;0.0;1.0;0.0;0.0;0.0;0.0;0.0;0.0;0.0;0.0
19;3;103;0;0;0;1;0;0;1;0.0;0.0;0.0;0.0;0.0;0.0;0.0;0.0;0.0;0.0
20;5;105;0;0;0;1;0;0;1;0.0;0.0;0.0;0.0;0.0;0.0;0.0;0.0;0.0;0.0
21;16;116;0;0;0;1;0;0;0;0.0;0.0;0.0;0.0;0.0;0.0;0.0;0.0;0.0;0.0
22;20;120;0;0;0;1;0;0;1;0.0;0.0;0.0;0.0;0.0;0.0;0.0;0.0;0.0;0.0
23;31;131;0;0;0;1;0;1;0;0.0;0.0;0.0;0.0;0.0;0.0;0.0;0.0;0.0;0.0
24;40;140;0;0;0;1;0;1;0;0.0;0.0;0.0;0.0;0.0;0.0;0.0;0.0;0.0;0.0
25;41;141;0;0;0;1;0;0;1;0.0;0.0;0.0;0.0;0.0;0.0;0.0;0.0;0.0;0.0
26;42;142;0;0;0;1;0;0;1;0.0;0.0;0.0;0.0;0.0;0.0;0.0;0.0;0.0;0.0
27;71;171;0;0;0;1;0;0;1;0.0;0.0;0.0;0.0;0.0;0.0;0.0;0.0;0.0;0.0
28;74;174;0;0;0;1;0;1;0;0.0;0.0;0.0;0.0;0.0;0.0;0.0;0.0;0.0;0.0
29;75;175;0;0;0;1;0;1;0;0.0;0.0;0.0;0.0;0.0;0.0;0.0;0.0;0.0;0.0
30;82;182;0;0;0;1;0;0;1;0.0;0.0;0.0;0.0;0.0;0.0;0.0;0.0;0.0;0.0
31;83;183;0;0;0;1;0;1;0;0.0;0.0;0.0;0.0;0.0;0.0;0.0;0.0;0.0;0.0
32;4;204;0;0;0;1;0;1;0;0.0;0.0;0.0;0.0;0.0;0.0;0.0;0.0;0.0;0.0
33;11;211;0;0;0;1;0;0;1;0.0;0.0;0.0;0.0;0.0;0.0;0.0;0.0;0.0;0.0
34;17;217;0;0;0;1;0;0;1;0.0;0.0;0.0;0.0;0.0;0.0;0.0;0.0;0.0;0.0
35;20;220;0;0;0;1;0;0;1;0.0;0.0;0.0;0.0;0.0;0.0;0.0;0.0;0.0;0.0
36;45;245;0;0;0;1;0;1;0;0.0;0.0;0.0;0.0;0.0;0.0;0.0;0.0;0.0;0.0
37;46;246;0;0;0;1;0;1;0;0.0;0.0;0.0;0.0;0.0;0.0;0.0;0.0;0.0;0.0
38;56;256;0;0;0;1;0;0;1;0.0;0.0;0.0;0.0;0.0;0.0;0.0;0.0;0.0;0.0
39;61;261;0;0;0;1;0;1;0;0.0;0.0;0.0;0.0;0.0;0.0;0.0;0.0;0.0;0.0
40;69;269;0;0;0;1;0;1;0;0.0;0.0;0.0;0.0;0.0;0.0;0.0;0.0;0.0;0.0
41;79;279;0;0;0;1;0;1;0;0.0;0.0;0.0;0.0;0.0;0.0;0.0;0.0;0.0;0.0
42;81;281;0;0;0;1;0;1;0;0.0;0.0;0.0;0.0;0.0;0.0;0.0;0.0;0.0;0.0
43;88;288;0;0;0;1;0;0;1;0.0;0.0;0.0;0.0;0.0;0.0;0.0;0.0;0.0;0.0
44;89;289;0;0;0;1;0;1;0;0.0;0.0;0.0;0.0;0.0;0.0;0.0;0.0;0.0;0.0
45;13;313;0;0;0;1;0;1;0;0.0;0.0;0.0;0.0;0.0;0.0;0.0;0.0;0.0;0.0
46;19;319;0;0;0;1;0;1;0;0.0;0.0;0.0;0.0;0.0;0.0;0.0;0.0;0.0;0.0
47;22;322;0;0;0;1;0;1;0;0.0;0.0;0.0;0.0;0.0;0.0;0.0;0.0;0.0;0.0
48;27;327;0;0;0;1;1;0;0;0.0;0.0;0.0;0.0;0.0;0.0;0.0;0.0;0.0;0.0
49;34;334;0;0;0;1;0;1;0;0.0;0.0;0.0;0.0;0.0;0.0;0.0;0.0;0.0;0.0
50;37;337;0;0;0;1;0;0;1;0.0;0.0;0.0;0.0;0.0;0.0;0.0;0.0;0.0;0.0
51;51;351;0;0;0;1;0;0;0;0.0;0.0;0.0;0.0;0.0;0.0;0.0;0.0;0.0;0.0
52;65;365;0;0;0;1;0;0;1;0.0;0.0;0.0;0.0;0.0;0.0;0.0;0.0;0.0;0.0
53;93;393;0;0;0;1;0;1;0;0.0;0.0;0.0;0.0;0.0;0.0;0.0;0.0;0.0;0.0
54;7;407;0;1;0;0;0;0;1;0.0;0.0;0.0;0.0;0.0;0.0;0.0;0.0;0.0;0.0
55;13;413;0;1;0;0;0;1;0;0.0;0.0;0.0;0.0;0.0;0.0;0.0;0.0;0.0;0.0
56;16;416;0;1;0;0;0;0;1;0.0;0.0;0.0;0.0;0.0;0.0;0.0;0.0;0.0;0.0
57;17;417;0;1;0;0;0;1;0;0.0;0.0;0.0;0.0;0.0;0.0;0.0;0.0;0.0;0.0
58;18;418;0;1;0;0;0;0;1;0.0;0.0;0.0;0.0;0.0;0.0;0.0;0.0;0.0;0.0
59;21;421;0;1;0;0;0;1;0;0.0;0.0;0.0;0.0;0.0;0.0;0.0;0.0;0.0;0.0
60;27;427;0;1;0;0;0;1;0;0.0;0.0;0.0;0.0;0.0;0.0;0.0;0.0;0.0;0.0
61;39;439;0;1;0;0;0;1;0;0.0;0.0;0.0;0.0;0.0;0.0;0.0;0.0;0.0;0.0
62;46;446;0;1;0;0;0;0;1;0.0;0.0;0.0;0.0;0.0;0.0;0.0;0.0;0.0;0.0
63;54;454;0;1;0;0;0;1;0;0.0;0.0;0.0;0.0;0.0;0.0;0.0;0.0;0.0;0.0
64;55;455;0;1;0;0;0;1;0;0.0;0.0;0.0;0.0;0.0;0.0;0.0;0.0;0.0;0.0
65;59;459;0;1;0;0;0;0;1;0.0;0.0;0.0;0.0;0.0;0.0;0.0;0.0;0.0;0.0
66;64;464;0;1;0;0;0;1;0;0.0;0.0;0.0;0.0;0.0;0.0;0.0;0.0;0.0;0.0
67;65;465;0;1;0;0;0;0;1;0.0;0.0;0.0;0.0;0.0;0.0;0.0;0.0;0.0;0.0
68;66;466;0;1;0;0;0;0;0;0.0;0.0;0.0;0.0;0.0;0.0;0.0;0.0;0.0;0.0
69;74;474;0;1;0;0;0;1;0;0.0;0.0;0.0;0.0;0.0;0.0;0.0;0.0;0.0;0.0
70;76;476;0;1;0;0;1;0;0;0.0;0.0;0.0;0.0;0.0;0.0;0.0;0.0;0.0;0.0
71;91;491;0;1;0;0;0;0;1;0.0;0.0;0.0;0.0;0.0;0.0;0.0;0.0;0.0;0.0
72;94;494;0;1;0;0;0;1;0;0.0;0.0;0.0;0.0;0.0;0.0;0.0;0.0;0.0;0.0
73;0;500;0;1;0;0;0;1;0;0.0;0.0;0.0;0.0;0.0;0.0;0.0;0.0;0.0;0.0
74;2;502;0;1;0;0;0;1;0;0.0;0.0;0.0;0.0;0.0;0.0;0.0;0.0;0.0;0.0
75;7;507;0;1;0;0;0;1;0;0.0;0.0;0.0;0.0;0.0;0.0;0.0;0.0;0.0;0.0
76;35;535;0;1;0;0;0;1;0;0.0;0.0;0.0;0.0;0.0;0.0;0.0;0.0;0.0;0.0
77;37;537;0;1;0;0;0;0;1;0.0;0.0;0.0;0.0;0.0;0.0;0.0;0.0;0.0;0.0
78;38;538;0;1;0;0;0;0;1;0.0;0.0;0.0;0.0;0.0;0.0;0.0;0.0;0.0;0.0
79;50;550;0;1;0;0;0;0;1;0.0;0.0;0.0;0.0;0.0;0.0;0.0;0.0;0.0;0.0
80;55;555;0;1;0;0;0;1;0;0.0;0.0;0.0;0.0;0.0;0.0;0.0;0.0;0.0;0.0
81;57;557;0;1;0;0;0;1;0;0.0;0.0;0.0;0.0;0.0;0.0;0.0;0.0;0.0;0.0
82;59;559;0;1;0;0;0;0;1;0.0;0.0;0.0;0.0;0.0;0.0;0.0;0.0;0.0;0.0
83;61;561;0;1;0;0;0;0;1;0.0;0.0;0.0;0.0;0.0;0.0;0.0;0.0;0.0;0.0
84;65;565;0;1;0;0;0;0;1;0.0;0.0;0.0;0.0;0.0;0.0;0.0;0.0;0.0;0.0
85;76;576;0;1;0;0;0;1;0;0.0;0.0;0.0;0.0;0.0;0.0;0.0;0.0;0.0;0.0
86;90;590;0;1;0;0;0;1;0;0.0;0.0;0.0;0.0;0.0;0.0;0.0;0.0;0.0;0.0
87;12;612;0;1;0;0;0;1;0;0.0;0.0;0.0;0.0;0.0;0.0;0.0;0.0;0.0;0.0
88;30;630;0;1;0;0;0;0;1;0.0;0.0;0.0;0.0;0.0;0.0;0.0;0.0;0.0;0.0
89;31;631;0;1;0;0;0;0;1;0.0;0.0;0.0;0.0;0.0;0.0;0.0;0.0;0.0;0.0
90;35;635;0;1;0;0;0;0;1;0.0;0.0;0.0;0.0;0.0;0.0;0.0;0.0;0.0;0.0
91;38;638;0;1;0;0;0;0;1;0.0;0.0;0.0;0.0;0.0;0.0;0.0;0.0;0.0;0.0
92;40;640;0;1;0;0;0;1;0;0.0;0.0;0.0;0.0;0.0;0.0;0.0;0.0;0.0;0.0
93;41;641;0;1;0;0;0;1;0;0.0;0.0;0.0;0.0;0.0;0.0;0.0;0.0;0.0;0.0
94;43;643;0;1;0;0;0;1;0;0.0;0.0;0.0;0.0;0.0;0.0;0.0;0.0;0.0;0.0
95;50;650;0;1;0;0;0;1;0;0.0;1.0;0.0;0.0;0.0;0.0;0.0;0.0;0.0;0.0
96;61;661;0;1;0;0;0;1;0;0.0;0.0;0.0;0.0;0.0;0.0;0.0;0.0;0.0;0.0
97;63;663;0;1;0;0;0;1;0;0.0;0.0;0.0;0.0;0.0;0.0;0.0;0.0;0.0;0.0
98;72;672;0;1;0;0;0;0;1;0.0;0.0;0.0;0.0;0.0;0.0;0.0;0.0;0.0;0.0
99;74;674;0;1;0;0;0;1;0;0.0;0.0;0.0;0.0;0.0;0.0;0.0;0.0;0.0;0.0
100;80;680;0;1;0;0;0;1;0;0.0;0.0;0.0;0.0;0.0;0.0;0.0;0.0;0.0;0.0
101;84;684;0;1;0;0;0;1;0;0.0;0.0;0.0;0.0;0.0;0.0;0.0;0.0;0.0;0.0
102;6;706;0;1;0;0;0;0;1;0.0;0.0;0.0;0.0;0.0;0.0;0.0;0.0;0.0;0.0
103;14;714;0;1;0;0;0;1;0;0.0;0.0;0.0;0.0;0.0;0.0;0.0;0.0;0.0;0.0
104;18;718;0;1;0;0;0;0;1;0.0;0.0;0.0;0.0;0.0;0.0;0.0;0.0;0.0;0.0
105;20;720;0;1;0;0;0;0;1;0.0;0.0;0.0;0.0;0.0;0.0;0.0;0.0;0.0;0.0
106;24;724;0;1;0;0;0;1;0;0.0;0.0;0.0;0.0;0.0;0.0;0.0;0.0;0.0;0.0
107;25;725;0;1;0;0;0;1;0;0.0;0.0;0.0;0.0;0.0;0.0;0.0;0.0;0.0;0.0
108;29;729;0;1;0;0;0;1;0;0.0;0.0;0.0;0.0;0.0;0.0;0.0;0.0;0.0;0.0
109;31;731;0;1;0;0;0;1;0;0.0;0.0;0.0;0.0;0.0;0.0;0.0;0.0;0.0;0.0
110;47;747;0;1;0;0;0;0;1;0.0;0.0;0.0;0.0;0.0;0.0;0.0;0.0;0.0;0.0
111;52;752;0;1;0;0;0;1;0;0.0;0.0;0.0;0.0;0.0;0.0;0.0;0.0;0.0;0.0
112;73;773;0;1;0;0;0;1;0;0.0;0.0;0.0;0.0;0.0;0.0;0.0;0.0;0.0;0.0
113;76;776;0;1;0;0;0;1;0;0.0;0.0;0.0;0.0;0.0;0.0;0.0;0.0;0.0;0.0
114;83;783;0;1;0;0;0;0;1;0.0;0.0;0.0;0.0;0.0;0.0;0.0;0.0;0.0;0.0
115;87;787;0;1;0;0;0;0;1;0.0;0.0;0.0;0.0;0.0;0.0;0.0;0.0;0.0;0.0
116;90;790;0;1;0;0;0;1;0;0.0;0.0;0.0;0.0;0.0;0.0;0.0;0.0;0.0;0.0
117;93;793;0;1;0;0;0;0;1;0.0;0.0;0.0;0.0;0.0;0.0;0.0;0.0;0.0;0.0
118;94;794;0;1;0;0;0;1;0;0.0;0.0;0.0;0.0;0.0;0.0;0.0;0.0;0.0;0.0
119;99;799;0;1;0;0;0;1;0;0.0;0.0;0.0;0.0;0.0;0.0;0.0;0.0;0.0;0.0
120;15;815;0;0;1;0;0;1;0;0.0;0.0;0.0;0.0;0.0;0.0;0.0;0.0;0.0;0.0
121;23;823;0;0;1;0;0;1;0;0.0;0.0;0.0;0.0;0.0;0.0;0.0;0.0;0.0;0.0
122;26;826;0;0;1;0;0;0;1;0.0;0.0;0.0;0.0;0.0;0.0;0.0;0.0;0.0;0.0
123;27;827;0;0;1;0;0;0;1;0.0;0.0;0.0;0.0;0.0;0.0;0.0;0.0;0.0;0.0
124;33;833;0;0;1;0;1;0;0;0.0;0.0;0.0;0.0;0.0;0.0;0.0;0.0;0.0;0.0
125;39;839;0;0;1;0;0;1;0;0.0;0.0;0.0;0.0;0.0;0.0;0.0;0.0;0.0;0.0
126;40;840;0;0;1;0;0;0;0;0.0;0.0;0.0;0.0;0.0;0.0;0.0;0.0;0.0;0.0
127;46;846;0;0;1;0;0;1;0;0.0;0.0;0.0;0.0;0.0;0.0;0.0;0.0;0.0;0.0
128;49;849;0;0;1;0;0;1;0;0.0;0.0;0.0;0.0;0.0;0.0;0.0;0.0;0.0;0.0
129;51;851;0;0;1;0;0;1;0;1.0;0.0;0.0;0.0;0.0;0.0;0.0;0.0;0.0;0.0
130;55;855;0;0;1;0;0;0;1;0.0;0.0;0.0;0.0;0.0;0.0;0.0;0.0;0.0;0.0
131;69;869;0;0;1;0;0;0;1;0.0;0.0;0.0;0.0;0.0;0.0;0.0;0.0;0.0;0.0
132;71;871;0;0;1;0;0;0;1;1.0;0.0;0.0;0.0;0.0;0.0;0.0;0.0;0.0;0.0
133;72;872;0;0;1;0;0;1;0;0.0;0.0;0.0;0.0;0.0;0.0;0.0;0.0;0.0;0.0
134;75;875;0;0;1;0;0;1;0;0.0;0.0;0.0;0.0;0.0;0.0;0.0;0.0;0.0;0.0
135;80;880;0;0;1;0;0;0;1;0.0;0.0;0.0;0.0;0.0;0.0;0.0;0.0;0.0;0.0
136;82;882;0;0;1;0;0;1;0;1.0;1.0;0.0;0.0;0.0;0.0;0.0;0.0;0.0;0.0
137;89;889;0;0;1;0;0;0;1;0.0;0.0;0.0;0.0;0.0;0.0;0.0;0.0;0.0;0.0
138;91;891;0;0;1;0;0;0;1;0.0;0.0;0.0;0.0;0.0;0.0;0.0;0.0;0.0;0.0
139;9;909;0;0;1;0;0;1;0;0.0;0.0;0.0;0.0;0.0;0.0;0.0;0.0;0.0;0.0
140;22;922;0;0;1;0;0;0;1;0.0;0.0;0.0;0.0;0.0;0.0;0.0;0.0;0.0;0.0
141;24;924;0;0;1;0;0;1;0;0.0;0.0;0.0;0.0;0.0;0.0;0.0;0.0;0.0;0.0
142;59;959;0;0;1;0;0;0;1;0.0;0.0;0.0;0.0;0.0;0.0;0.0;0.0;0.0;0.0
143;72;972;0;0;1;0;0;1;0;0.0;0.0;0.0;0.0;0.0;0.0;0.0;0.0;0.0;0.0
144;6;1006;0;0;1;0;0;1;0;0.0;0.0;0.0;0.0;0.0;0.0;0.0;0.0;0.0;0.0
145;10;1010;0;0;1;0;0;1;0;0.0;0.0;0.0;0.0;0.0;0.0;0.0;0.0;0.0;0.0
146;13;1013;0;0;1;0;0;1;0;0.0;0.0;0.0;0.0;0.0;0.0;0.0;0.0;0.0;0.0
147;17;1017;0;0;1;0;0;1;0;0.0;0.0;0.0;0.0;0.0;0.0;0.0;0.0;0.0;0.0
148;45;1045;0;0;1;0;0;0;1;0.0;0.0;0.0;0.0;0.0;0.0;0.0;0.0;0.0;0.0
149;46;1046;0;0;1;0;0;1;0;0.0;0.0;0.0;0.0;0.0;0.0;0.0;0.0;0.0;0.0
150;61;1061;0;0;1;0;0;1;0;0.0;0.0;0.0;0.0;0.0;0.0;0.0;0.0;0.0;0.0
151;66;1066;0;0;1;0;0;0;1;0.0;0.0;0.0;0.0;0.0;0.0;0.0;0.0;0.0;0.0
152;72;1072;0;0;1;0;0;1;0;0.0;0.0;0.0;0.0;0.0;0.0;0.0;0.0;0.0;0.0
153;73;1073;0;0;1;0;0;0;1;0.0;0.0;0.0;0.0;0.0;0.0;0.0;0.0;0.0;0.0
154;96;1096;0;0;1;0;0;1;0;0.0;0.0;0.0;0.0;0.0;0.0;0.0;0.0;0.0;0.0
155;6;1106;0;0;1;0;0;1;0;0.0;0.0;0.0;0.0;0.0;0.0;0.0;0.0;0.0;0.0
156;8;1108;0;0;1;0;0;0;1;0.0;0.0;0.0;0.0;0.0;0.0;0.0;0.0;0.0;0.0
157;22;1122;0;0;1;0;0;0;1;0.0;0.0;0.0;0.0;0.0;0.0;0.0;0.0;0.0;0.0
158;39;1139;0;0;1;0;0;1;0;0.0;0.0;0.0;0.0;0.0;0.0;0.0;0.0;0.0;0.0
159;40;1140;0;0;1;0;0;1;0;0.0;0.0;0.0;0.0;0.0;0.0;0.0;0.0;0.0;0.0
160;55;1155;0;0;1;0;0;1;0;0.0;0.0;0.0;0.0;0.0;0.0;0.0;0.0;0.0;0.0
161;3;3;1;0;0;1;0;0;1;0.0;0.0;0.0;1.0;0.0;0.0;0.0;0.0;0.0;0.0
162;60;160;1;0;0;1;0;1;0;0.0;0.0;0.0;0.0;0.0;0.0;0.0;0.0;0.0;0.0
163;94;194;1;0;0;1;0;1;0;0.0;0.0;1.0;1.0;0.0;0.0;0.0;0.0;0.0;0.0
164;22;222;1;0;0;1;0;1;0;0.0;0.0;0.0;0.0;0.0;0.0;0.0;0.0;0.0;0.0
165;28;228;1;0;0;1;0;0;1;0.0;0.0;0.0;0.0;0.0;0.0;0.0;0.0;0.0;0.0
166;30;230;1;0;0;1;0;1;0;0.0;0.0;0.0;0.0;0.0;0.0;0.0;0.0;0.0;0.0
167;36;236;1;0;0;1;0;1;0;0.0;0.0;0.0;0.0;0.0;0.0;0.0;0.0;0.0;0.0
168;37;237;1;0;0;1;0;1;0;0.0;0.0;1.0;1.0;0.0;0.0;0.0;0.0;0.0;0.0
169;60;260;1;0;0;1;0;1;0;0.0;0.0;0.0;0.0;0.0;0.0;0.0;0.0;0.0;0.0
170;75;275;1;0;0;1;0;0;1;0.0;0.0;0.0;0.0;0.0;0.0;0.0;0.0;0.0;0.0
171;85;285;1;0;0;1;0;1;0;0.0;0.0;1.0;1.0;0.0;0.0;0.0;0.0;0.0;0.0
172;4;304;1;0;0;1;0;0;1;0.0;0.0;0.0;0.0;0.0;0.0;0.0;0.0;0.0;0.0
173;11;311;1;0;0;1;0;0;1;0.0;0.0;0.0;0.0;0.0;0.0;0.0;0.0;0.0;0.0
174;73;373;1;0;0;1;0;0;1;0.0;0.0;0.0;0.0;0.0;0.0;0.0;0.0;0.0;0.0
175;87;387;1;0;0;1;0;0;1;0.0;0.0;0.0;0.0;0.0;0.0;0.0;0.0;0.0;0.0
176;88;388;1;0;0;1;1;0;0;0.0;0.0;0.0;0.0;0.0;0.0;0.0;0.0;0.0;0.0
177;98;398;1;0;0;1;0;1;0;0.0;0.0;0.0;0.0;0.0;0.0;0.0;0.0;0.0;0.0
178;8;408;1;1;0;0;0;1;0;0.0;0.0;0.0;0.0;0.0;0.0;0.0;0.0;0.0;0.0
179;31;431;1;1;0;0;0;1;0;0.0;0.0;0.0;0.0;0.0;0.0;0.0;0.0;0.0;0.0
180;43;443;1;1;0;0;0;1;0;0.0;0.0;0.0;0.0;0.0;0.0;0.0;0.0;0.0;0.0
181;69;469;1;1;0;0;0;0;1;0.0;0.0;0.0;0.0;0.0;0.0;0.0;0.0;0.0;0.0
182;25;525;1;1;0;0;0;1;0;0.0;0.0;0.0;0.0;0.0;0.0;0.0;0.0;0.0;0.0
183;27;527;1;1;0;0;0;1;0;0.0;0.0;0.0;0.0;0.0;0.0;0.0;0.0;0.0;0.0
184;66;566;1;1;0;0;0;1;0;0.0;0.0;0.0;0.0;0.0;0.0;0.0;0.0;0.0;0.0
185;67;567;1;1;0;0;0;1;0;0.0;0.0;1.0;1.0;0.0;0.0;0.0;0.0;0.0;0.0
186;95;595;1;1;0;0;0;0;1;0.0;0.0;0.0;0.0;0.0;0.0;0.0;0.0;0.0;0.0
187;77;677;1;1;0;0;0;1;0;0.0;0.0;0.0;0.0;0.0;0.0;0.0;0.0;0.0;0.0
188;96;696;1;1;0;0;0;1;0;0.0;0.0;1.0;1.0;0.0;0.0;0.0;0.0;0.0;0.0
189;37;737;1;1;0;0;0;1;0;0.0;0.0;1.0;0.0;0.0;0.0;0.0;0.0;0.0;0.0
190;56;756;1;1;0;0;0;1;0;0.0;0.0;1.0;1.0;0.0;0.0;0.0;0.0;0.0;0.0
191;84;784;1;1;0;0;0;1;0;0.0;0.0;0.0;0.0;0.0;0.0;0.0;0.0;0.0;0.0
192;88;788;1;1;0;0;0;0;1;0.0;0.0;1.0;1.0;0.0;0.0;0.0;0.0;0.0;0.0
193;91;791;1;1;0;0;0;0;1;0.0;0.0;0.0;1.0;0.0;0.0;0.0;0.0;0.0;0.0
194;86;886;1;0;1;0;0;1;0;0.0;0.0;1.0;0.0;0.0;0.0;0.0;0.0;0.0;0.0
195;94;894;1;0;1;0;0;1;0;0.0;0.0;1.0;1.0;0.0;0.0;0.0;0.0;0.0;0.0
196;20;920;1;0;1;0;0;1;0;0.0;0.0;1.0;1.0;0.0;0.0;0.0;0.0;0.0;0.0
197;23;923;1;0;1;0;0;1;0;0.0;0.0;1.0;0.0;0.0;0.0;0.0;0.0;0.0;0.0
198;46;946;1;0;1;0;0;1;0;0.0;0.0;0.0;0.0;0.0;0.0;0.0;0.0;0.0;0.0
199;55;955;1;0;1;0;0;1;0;0.0;0.0;1.0;0.0;0.0;0.0;0.0;0.0;0.0;0.0
200;60;960;1;0;1;0;1;0;0;0.0;0.0;0.0;0.0;0.0;0.0;0.0;0.0;0.0;0.0
201;65;965;1;0;1;0;0;1;0;0.0;0.0;1.0;1.0;0.0;0.0;0.0;0.0;0.0;0.0
202;70;970;1;0;1;0;0;1;0;0.0;0.0;1.0;1.0;0.0;0.0;0.0;0.0;0.0;0.0
203;91;991;1;0;1;0;0;0;1;0.0;0.0;1.0;1.0;0.0;0.0;0.0;0.0;0.0;0.0
204;1;1001;1;0;1;0;0;1;0;0.0;0.0;0.0;0.0;0.0;0.0;0.0;0.0;0.0;0.0
205;14;1014;1;0;1;0;0;1;0;0.0;0.0;0.0;0.0;0.0;0.0;0.0;0.0;0.0;0.0
206;58;1058;1;0;1;0;0;0;1;0.0;0.0;0.0;0.0;0.0;0.0;0.0;0.0;0.0;0.0
207;87;1087;1;0;1;0;1;0;0;0.0;0.0;1.0;1.0;0.0;0.0;0.0;0.0;0.0;0.0
208;28;1128;1;0;1;0;0;0;1;1.0;0.0;1.0;1.0;0.0;0.0;0.0;0.0;0.0;0.0
209;33;1133;1;0;1;0;0;1;0;1.0;0.0;1.0;1.0;0.0;0.0;0.0;0.0;0.0;0.0
210;46;1146;1;0;1;0;0;1;0;0.0;0.0;1.0;0.0;0.0;0.0;0.0;0.0;0.0;0.0
211;73;1173;1;0;1;0;0;0;1;0.0;0.0;1.0;1.0;0.0;0.0;0.0;0.0;0.0;0.0
212;81;1181;1;0;1;0;0;1;0;0.0;0.0;0.0;1.0;0.0;0.0;0.0;0.0;0.0;0.0
213;88;1188;1;0;1;0;0;0;1;0.0;0.0;0.0;1.0;0.0;0.0;0.0;0.0;0.0;0.0
214;91;1191;1;0;1;0;0;0;1;0.0;0.0;1.0;0.0;0.0;0.0;0.0;0.0;0.0;0.0
215;93;1193;1;0;1;0;0;0;1;0.0;0.0;1.0;0.0;0.0;0.0;0.0;0.0;0.0;0.0
216;22;22;2;0;0;1;0;1;0;0.0;0.0;0.0;1.0;1.0;0.0;0.0;0.0;0.0;0.0
217;24;24;2;0;0;1;0;1;0;1.0;1.0;0.0;1.0;1.0;1.0;1.0;0.0;0.0;0.0
218;42;42;2;0;0;1;0;0;1;0.0;0.0;0.0;0.0;0.0;0.0;0.0;0.0;0.0;0.0
219;8;108;2;0;0;1;0;1;0;0.0;0.0;0.0;0.0;0.0;0.0;0.0;0.0;0.0;0.0
220;39;139;2;0;0;1;0;0;1;1.0;0.0;0.0;1.0;1.0;0.0;0.0;0.0;0.0;0.0
221;85;185;2;0;0;1;0;1;0;0.0;0.0;0.0;0.0;0.0;0.0;0.0;0.0;0.0;0.0
222;92;192;2;0;0;1;0;1;0;0.0;0.0;0.0;0.0;0.0;0.0;0.0;0.0;0.0;0.0
223;18;218;2;0;0;1;0;1;0;0.0;0.0;0.0;0.0;0.0;0.0;0.0;0.0;0.0;0.0
224;26;226;2;0;0;1;0;0;1;0.0;0.0;0.0;0.0;0.0;0.0;0.0;0.0;0.0;0.0
225;48;248;2;0;0;1;0;1;0;0.0;0.0;0.0;0.0;0.0;0.0;0.0;0.0;0.0;0.0
226;14;314;2;0;0;1;0;1;0;1.0;0.0;0.0;1.0;1.0;0.0;0.0;0.0;0.0;0.0
227;11;411;2;1;0;0;0;1;0;0.0;0.0;0.0;0.0;0.0;0.0;0.0;0.0;0.0;0.0
228;58;458;2;1;0;0;0;1;0;0.0;0.0;0.0;0.0;0.0;0.0;0.0;0.0;0.0;0.0
229;86;486;2;1;0;0;0;1;0;0.0;0.0;0.0;0.0;0.0;0.0;0.0;0.0;0.0;0.0
230;15;515;2;1;0;0;0;1;0;0.0;0.0;0.0;0.0;0.0;0.0;0.0;0.0;0.0;0.0
231;18;518;2;1;0;0;0;0;1;0.0;0.0;0.0;0.0;0.0;0.0;0.0;0.0;0.0;0.0
232;47;547;2;1;0;0;0;1;0;0.0;0.0;0.0;0.0;0.0;0.0;0.0;0.0;0.0;0.0
233;56;556;2;1;0;0;0;1;0;0.0;0.0;0.0;0.0;0.0;0.0;0.0;0.0;0.0;0.0
234;74;574;2;1;0;0;0;1;0;0.0;0.0;0.0;0.0;0.0;0.0;0.0;0.0;0.0;0.0
235;52;652;2;1;0;0;0;1;0;1.0;0.0;0.0;1.0;1.0;0.0;0.0;0.0;0.0;0.0
236;67;767;2;1;0;0;0;1;0;1.0;0.0;0.0;1.0;1.0;0.0;0.0;0.0;0.0;0.0
237;9;809;2;0;1;0;0;0;1;0.0;0.0;0.0;0.0;0.0;0.0;0.0;0.0;0.0;0.0
238;30;830;2;0;1;0;0;0;1;0.0;0.0;1.0;1.0;0.0;0.0;0.0;0.0;0.0;0.0
239;34;834;2;0;1;0;0;0;1;1.0;0.0;0.0;1.0;1.0;0.0;0.0;0.0;0.0;0.0
240;2;902;2;0;1;0;0;1;0;1.0;0.0;0.0;1.0;1.0;0.0;0.0;0.0;0.0;0.0
241;38;938;2;0;1;0;0;1;0;1.0;0.0;0.0;1.0;1.0;0.0;0.0;0.0;0.0;0.0
242;52;952;2;0;1;0;0;0;1;1.0;0.0;1.0;0.0;0.0;0.0;0.0;0.0;0.0;0.0
243;76;976;2;0;1;0;0;0;1;0.0;0.0;0.0;0.0;1.0;0.0;0.0;0.0;0.0;0.0
244;93;993;2;0;1;0;0;1;0;1.0;0.0;0.0;1.0;1.0;0.0;0.0;0.0;0.0;0.0
245;12;1012;2;0;1;0;0;0;0;0.0;0.0;0.0;0.0;0.0;0.0;0.0;0.0;0.0;0.0
246;52;1052;2;0;1;0;0;1;0;0.0;0.0;0.0;0.0;0.0;0.0;0.0;0.0;0.0;0.0
247;60;1060;2;0;1;0;0;1;0;0.0;0.0;0.0;0.0;0.0;0.0;0.0;0.0;0.0;0.0
248;0;1100;2;0;1;0;0;1;0;0.0;0.0;0.0;0.0;0.0;0.0;0.0;0.0;0.0;0.0
249;34;1134;2;0;1;0;0;1;0;0.0;0.0;0.0;1.0;1.0;0.0;0.0;0.0;0.0;0.0
250;63;1163;2;0;1;0;0;1;0;0.0;0.0;0.0;0.0;1.0;0.0;0.0;0.0;0.0;0.0
251;80;1180;2;0;1;0;0;1;0;1.0;0.0;0.0;1.0;1.0;0.0;0.0;0.0;0.0;0.0
252;12;12;3;0;0;1;0;1;0;0.0;0.0;0.0;0.0;0.0;0.0;0.0;0.0;0.0;0.0
253;14;14;3;0;0;1;0;1;0;0.0;0.0;0.0;1.0;0.0;0.0;0.0;1.0;1.0;0.0
254;20;20;3;0;0;1;0;1;0;0.0;0.0;0.0;1.0;0.0;0.0;0.0;1.0;0.0;0.0
255;25;25;3;0;0;1;0;1;0;0.0;0.0;0.0;0.0;0.0;0.0;0.0;0.0;0.0;0.0
256;37;37;3;0;0;1;0;1;0;0.0;0.0;0.0;0.0;0.0;0.0;0.0;0.0;1.0;0.0
257;38;38;3;0;0;1;0;0;1;0.0;0.0;0.0;0.0;0.0;0.0;0.0;1.0;0.0;0.0
258;53;53;3;0;0;1;1;0;0;0.0;0.0;0.0;1.0;0.0;0.0;0.0;1.0;1.0;0.0
259;70;70;3;0;0;1;0;1;0;1.0;0.0;0.0;0.0;0.0;0.0;0.0;0.0;0.0;0.0
260;72;72;3;0;0;1;0;0;1;0.0;0.0;0.0;1.0;0.0;0.0;0.0;1.0;1.0;0.0
261;77;77;3;0;0;1;0;0;1;0.0;0.0;0.0;1.0;1.0;0.0;0.0;0.0;1.0;0.0
262;86;86;3;0;0;1;1;0;0;0.0;0.0;0.0;1.0;0.0;0.0;0.0;0.0;0.0;0.0
263;89;89;3;0;0;1;0;0;1;0.0;0.0;0.0;0.0;0.0;0.0;0.0;0.0;0.0;0.0
264;90;90;3;0;0;1;0;1;0;0.0;0.0;0.0;1.0;0.0;0.0;0.0;1.0;1.0;0.0
265;97;97;3;0;0;1;0;1;0;1.0;0.0;0.0;1.0;0.0;0.0;0.0;0.0;1.0;0.0
266;9;109;3;0;0;1;0;1;0;0.0;0.0;0.0;0.0;0.0;0.0;0.0;0.0;0.0;0.0
267;10;110;3;0;0;1;1;0;0;0.0;0.0;0.0;0.0;0.0;0.0;0.0;0.0;0.0;0.0
268;11;111;3;0;0;1;0;0;1;0.0;0.0;0.0;0.0;0.0;0.0;0.0;0.0;0.0;0.0
269;14;114;3;0;0;1;1;0;0;0.0;0.0;0.0;0.0;0.0;0.0;0.0;0.0;0.0;0.0
270;30;130;3;0;0;1;0;1;0;0.0;0.0;0.0;0.0;0.0;0.0;0.0;0.0;0.0;0.0
271;35;135;3;0;0;1;0;0;0;0.0;0.0;0.0;1.0;0.0;0.0;0.0;1.0;1.0;0.0
272;44;144;3;0;0;1;0;1;0;0.0;0.0;0.0;0.0;0.0;0.0;0.0;0.0;0.0;0.0
273;47;147;3;0;0;1;0;0;0;0.0;0.0;0.0;0.0;0.0;0.0;0.0;0.0;0.0;0.0
274;48;148;3;0;0;1;0;1;0;0.0;0.0;0.0;0.0;0.0;0.0;0.0;0.0;0.0;0.0
275;58;158;3;0;0;1;0;0;1;0.0;0.0;0.0;0.0;0.0;0.0;0.0;0.0;0.0;0.0
276;65;165;3;0;0;1;1;0;0;0.0;0.0;0.0;0.0;0.0;0.0;0.0;0.0;0.0;0.0
277;68;168;3;0;0;1;0;1;0;0.0;0.0;0.0;0.0;0.0;0.0;0.0;0.0;0.0;0.0
278;76;176;3;0;0;1;0;0;1;0.0;0.0;0.0;0.0;0.0;0.0;0.0;0.0;0.0;0.0
279;78;178;3;0;0;1;0;1;0;0.0;0.0;0.0;0.0;0.0;0.0;0.0;0.0;0.0;0.0
280;81;181;3;0;0;1;0;0;1;0.0;0.0;0.0;0.0;0.0;0.0;0.0;0.0;0.0;0.0
281;86;186;3;0;0;1;0;1;0;0.0;0.0;0.0;0.0;0.0;0.0;0.0;0.0;0.0;0.0
282;87;187;3;0;0;1;0;1;0;0.0;0.0;0.0;0.0;0.0;0.0;0.0;0.0;0.0;0.0
283;93;193;3;0;0;1;0;1;0;0.0;0.0;0.0;0.0;0.0;0.0;0.0;0.0;0.0;0.0
284;96;196;3;0;0;1;0;1;0;0.0;0.0;0.0;0.0;0.0;0.0;0.0;0.0;0.0;0.0
285;98;198;3;0;0;1;0;1;0;0.0;0.0;0.0;1.0;0.0;0.0;0.0;1.0;1.0;0.0
286;13;213;3;0;0;1;0;1;0;0.0;0.0;0.0;0.0;0.0;0.0;0.0;0.0;0.0;0.0
287;34;234;3;0;0;1;0;1;0;0.0;0.0;0.0;0.0;0.0;0.0;0.0;0.0;0.0;0.0
288;40;240;3;0;0;1;0;0;1;0.0;0.0;0.0;0.0;0.0;0.0;0.0;0.0;0.0;0.0
289;49;249;3;0;0;1;0;0;0;0.0;0.0;0.0;0.0;0.0;0.0;0.0;0.0;0.0;0.0
290;52;252;3;0;0;1;0;1;0;0.0;0.0;0.0;1.0;0.0;0.0;0.0;1.0;1.0;0.0
291;80;280;3;0;0;1;0;1;0;0.0;0.0;0.0;0.0;0.0;0.0;0.0;0.0;0.0;0.0
292;86;286;3;0;0;1;0;0;1;0.0;0.0;0.0;1.0;0.0;0.0;0.0;1.0;1.0;0.0
293;95;295;3;0;0;1;0;1;0;0.0;0.0;0.0;0.0;0.0;0.0;0.0;0.0;0.0;0.0
294;96;296;3;0;0;1;0;0;1;0.0;0.0;0.0;0.0;0.0;0.0;0.0;0.0;0.0;0.0
295;15;315;3;0;0;1;0;0;1;0.0;0.0;0.0;0.0;0.0;0.0;0.0;0.0;0.0;0.0
296;18;318;3;0;0;1;0;1;0;0.0;0.0;0.0;0.0;0.0;0.0;0.0;0.0;0.0;0.0
297;29;329;3;0;0;1;0;0;1;0.0;0.0;0.0;0.0;0.0;0.0;0.0;0.0;0.0;0.0
298;36;336;3;0;0;1;0;1;0;0.0;0.0;0.0;0.0;0.0;0.0;0.0;0.0;0.0;0.0
299;49;349;3;0;0;1;0;0;1;0.0;0.0;0.0;0.0;0.0;0.0;0.0;0.0;0.0;0.0
300;60;360;3;0;0;1;0;1;0;0.0;0.0;0.0;0.0;0.0;0.0;0.0;0.0;0.0;0.0
301;64;364;3;0;0;1;0;1;0;0.0;0.0;0.0;0.0;0.0;0.0;0.0;0.0;0.0;0.0
302;68;368;3;0;0;1;0;0;1;0.0;0.0;0.0;0.0;0.0;0.0;0.0;0.0;0.0;0.0
303;71;371;3;0;0;1;0;1;0;0.0;0.0;0.0;0.0;0.0;0.0;0.0;0.0;0.0;0.0
304;81;381;3;0;0;1;0;1;0;0.0;0.0;0.0;0.0;0.0;0.0;0.0;0.0;0.0;0.0
305;82;382;3;0;0;1;0;0;1;0.0;0.0;0.0;0.0;0.0;0.0;0.0;0.0;0.0;0.0
306;83;383;3;0;0;1;0;1;0;0.0;0.0;0.0;0.0;0.0;0.0;0.0;0.0;0.0;0.0
307;85;385;3;0;0;1;0;1;0;0.0;0.0;0.0;0.0;0.0;0.0;0.0;0.0;0.0;0.0
308;2;402;3;1;0;0;0;1;0;0.0;0.0;0.0;0.0;0.0;0.0;0.0;0.0;0.0;0.0
309;42;442;3;1;0;0;0;1;0;0.0;0.0;0.0;0.0;0.0;0.0;0.0;0.0;0.0;0.0
310;48;448;3;1;0;0;0;1;0;0.0;0.0;0.0;0.0;0.0;0.0;0.0;0.0;0.0;0.0
311;49;449;3;1;0;0;0;0;1;0.0;0.0;0.0;1.0;0.0;0.0;0.0;1.0;1.0;0.0
312;52;452;3;1;0;0;0;1;0;0.0;0.0;0.0;0.0;0.0;0.0;0.0;0.0;0.0;0.0
313;63;463;3;1;0;0;0;1;0;0.0;0.0;0.0;0.0;0.0;0.0;0.0;0.0;0.0;0.0
314;84;484;3;1;0;0;0;1;0;0.0;0.0;0.0;0.0;0.0;0.0;0.0;0.0;0.0;0.0
315;88;488;3;1;0;0;0;0;1;0.0;0.0;0.0;0.0;0.0;0.0;0.0;0.0;0.0;0.0
316;90;490;3;1;0;0;0;1;0;0.0;0.0;0.0;0.0;0.0;0.0;0.0;0.0;0.0;0.0
317;13;513;3;1;0;0;0;1;0;0.0;0.0;0.0;1.0;0.0;0.0;0.0;1.0;1.0;0.0
318;14;514;3;1;0;0;0;1;0;0.0;0.0;0.0;0.0;0.0;0.0;0.0;0.0;0.0;0.0
319;16;516;3;1;0;0;0;1;0;0.0;0.0;0.0;0.0;0.0;0.0;0.0;0.0;0.0;0.0
320;17;517;3;1;0;0;0;1;0;0.0;0.0;0.0;0.0;0.0;0.0;0.0;0.0;0.0;0.0
321;20;520;3;1;0;0;0;0;1;0.0;0.0;0.0;0.0;0.0;0.0;0.0;0.0;0.0;0.0
322;21;521;3;1;0;0;0;0;0;0.0;0.0;0.0;0.0;0.0;0.0;0.0;0.0;0.0;0.0
323;26;526;3;1;0;0;0;1;0;0.0;0.0;0.0;0.0;0.0;0.0;0.0;0.0;0.0;0.0
324;30;530;3;1;0;0;0;1;0;0.0;0.0;0.0;0.0;0.0;0.0;0.0;0.0;0.0;0.0
325;87;587;3;1;0;0;0;1;0;0.0;0.0;0.0;0.0;0.0;0.0;0.0;0.0;0.0;0.0
326;99;599;3;1;0;0;0;1;0;0.0;0.0;0.0;0.0;0.0;0.0;0.0;0.0;0.0;0.0
327;1;601;3;1;0;0;1;0;0;0.0;0.0;0.0;0.0;0.0;0.0;0.0;1.0;0.0;0.0
328;8;608;3;1;0;0;0;1;0;0.0;0.0;0.0;1.0;0.0;0.0;0.0;1.0;1.0;0.0
329;13;613;3;1;0;0;0;1;0;0.0;0.0;0.0;1.0;0.0;0.0;0.0;1.0;1.0;0.0
330;15;615;3;1;0;0;0;1;0;0.0;0.0;0.0;1.0;0.0;0.0;0.0;1.0;1.0;0.0
331;24;624;3;1;0;0;1;0;0;0.0;0.0;0.0;0.0;0.0;0.0;0.0;0.0;0.0;0.0
332;25;625;3;1;0;0;0;1;0;0.0;0.0;0.0;0.0;0.0;0.0;0.0;0.0;0.0;0.0
333;42;642;3;1;0;0;0;0;1;0.0;0.0;0.0;0.0;0.0;1.0;0.0;0.0;0.0;0.0
334;53;653;3;1;0;0;0;1;0;0.0;0.0;0.0;1.0;0.0;0.0;0.0;1.0;1.0;0.0
335;67;667;3;1;0;0;0;1;0;0.0;0.0;0.0;1.0;0.0;0.0;0.0;1.0;1.0;0.0
336;68;668;3;1;0;0;0;0;1;0.0;0.0;0.0;1.0;0.0;1.0;0.0;0.0;0.0;0.0
337;79;679;3;1;0;0;0;0;1;0.0;0.0;0.0;0.0;0.0;0.0;0.0;1.0;0.0;0.0
338;82;682;3;1;0;0;0;0;1;0.0;0.0;0.0;1.0;0.0;0.0;0.0;1.0;1.0;0.0
339;83;683;3;1;0;0;0;0;1;0.0;0.0;0.0;1.0;0.0;0.0;0.0;1.0;1.0;0.0
340;87;687;3;1;0;0;1;0;0;0.0;0.0;0.0;0.0;1.0;1.0;0.0;1.0;0.0;0.0
341;95;695;3;1;0;0;0;1;0;0.0;0.0;0.0;1.0;1.0;0.0;0.0;1.0;0.0;0.0
342;98;698;3;1;0;0;0;0;1;1.0;0.0;0.0;0.0;1.0;0.0;0.0;0.0;0.0;0.0
343;21;721;3;1;0;0;0;1;0;0.0;0.0;0.0;1.0;0.0;0.0;0.0;1.0;1.0;0.0
344;41;741;3;1;0;0;0;1;0;0.0;0.0;0.0;1.0;0.0;0.0;0.0;1.0;1.0;0.0
345;48;748;3;1;0;0;0;1;0;0.0;0.0;0.0;1.0;0.0;0.0;0.0;1.0;1.0;0.0
346;58;758;3;1;0;0;0;1;0;1.0;0.0;0.0;0.0;0.0;0.0;0.0;1.0;0.0;0.0
347;63;763;3;1;0;0;1;0;0;0.0;0.0;0.0;0.0;0.0;0.0;0.0;0.0;1.0;0.0
348;68;768;3;1;0;0;0;1;0;0.0;0.0;0.0;0.0;0.0;0.0;0.0;1.0;0.0;0.0
349;74;774;3;1;0;0;0;0;1;0.0;0.0;0.0;0.0;0.0;0.0;0.0;0.0;0.0;0.0
350;75;775;3;1;0;0;0;0;1;0.0;0.0;0.0;0.0;0.0;1.0;0.0;1.0;0.0;0.0
351;81;781;3;1;0;0;0;1;0;0.0;0.0;0.0;1.0;0.0;0.0;0.0;1.0;1.0;0.0
352;82;782;3;1;0;0;0;1;0;0.0;0.0;0.0;0.0;0.0;0.0;0.0;0.0;0.0;0.0
353;85;785;3;1;0;0;0;0;1;0.0;0.0;0.0;1.0;0.0;0.0;0.0;1.0;1.0;0.0
354;1;801;3;0;1;0;0;1;0;0.0;0.0;0.0;0.0;0.0;0.0;0.0;0.0;1.0;0.0
355;4;804;3;0;1;0;0;0;1;0.0;0.0;0.0;1.0;1.0;0.0;0.0;0.0;1.0;0.0
356;10;810;3;0;1;0;0;0;1;0.0;0.0;0.0;1.0;0.0;0.0;0.0;1.0;1.0;0.0
357;13;813;3;0;1;0;1;0;0;0.0;0.0;0.0;0.0;0.0;0.0;0.0;0.0;0.0;0.0
358;16;816;3;0;1;0;0;1;0;1.0;0.0;0.0;0.0;0.0;0.0;0.0;1.0;0.0;0.0
359;17;817;3;0;1;0;1;0;0;0.0;0.0;0.0;1.0;0.0;0.0;0.0;1.0;1.0;0.0
360;22;822;3;0;1;0;1;0;0;0.0;0.0;0.0;0.0;0.0;0.0;0.0;0.0;1.0;0.0
361;24;824;3;0;1;0;0;1;0;0.0;0.0;0.0;1.0;0.0;0.0;0.0;1.0;0.0;0.0
362;37;837;3;0;1;0;0;1;0;0.0;0.0;0.0;0.0;1.0;0.0;0.0;0.0;0.0;0.0
363;42;842;3;0;1;0;0;1;0;0.0;0.0;0.0;0.0;0.0;0.0;0.0;0.0;1.0;0.0
364;53;853;3;0;1;0;0;0;1;0.0;0.0;0.0;1.0;0.0;0.0;0.0;1.0;1.0;0.0
365;59;859;3;0;1;0;0;1;0;0.0;0.0;0.0;0.0;0.0;0.0;0.0;0.0;0.0;0.0
366;70;870;3;0;1;0;0;1;0;0.0;0.0;0.0;0.0;0.0;0.0;0.0;0.0;0.0;0.0
367;77;877;3;0;1;0;0;1;0;0.0;0.0;0.0;0.0;0.0;0.0;0.0;0.0;0.0;0.0
368;79;879;3;0;1;0;0;1;0;0.0;0.0;0.0;0.0;0.0;0.0;0.0;0.0;0.0;0.0
369;88;888;3;0;1;0;0;0;1;0.0;0.0;0.0;0.0;0.0;0.0;0.0;1.0;0.0;0.0
370;92;892;3;0;1;0;0;1;0;1.0;0.0;0.0;1.0;0.0;0.0;0.0;0.0;0.0;0.0
371;0;900;3;0;1;0;0;1;0;0.0;0.0;0.0;0.0;0.0;0.0;0.0;0.0;0.0;0.0
372;7;907;3;0;1;0;0;0;1;0.0;0.0;0.0;0.0;0.0;0.0;0.0;0.0;0.0;0.0
373;8;908;3;0;1;0;0;1;0;0.0;0.0;0.0;0.0;0.0;0.0;0.0;1.0;0.0;0.0
374;13;913;3;0;1;0;0;1;0;0.0;0.0;0.0;1.0;0.0;0.0;0.0;0.0;0.0;0.0
375;17;917;3;0;1;0;0;0;1;0.0;0.0;0.0;0.0;0.0;0.0;0.0;0.0;0.0;0.0
376;30;930;3;0;1;0;1;0;0;0.0;0.0;0.0;1.0;0.0;0.0;0.0;1.0;1.0;0.0
377;41;941;3;0;1;0;0;1;0;0.0;0.0;0.0;0.0;0.0;0.0;0.0;1.0;0.0;0.0
378;43;943;3;0;1;0;0;1;0;0.0;0.0;0.0;1.0;0.0;0.0;0.0;0.0;1.0;0.0
379;45;945;3;0;1;0;0;1;0;0.0;0.0;0.0;0.0;0.0;0.0;0.0;0.0;0.0;0.0
380;54;954;3;0;1;0;0;0;1;0.0;0.0;0.0;0.0;0.0;0.0;0.0;0.0;0.0;0.0
381;66;966;3;0;1;0;0;0;1;0.0;0.0;0.0;0.0;0.0;0.0;0.0;0.0;0.0;0.0
382;68;968;3;0;1;0;0;1;0;0.0;0.0;0.0;0.0;0.0;0.0;0.0;0.0;1.0;0.0
383;74;974;3;0;1;0;0;0;1;0.0;0.0;0.0;0.0;0.0;0.0;0.0;1.0;0.0;0.0
384;81;981;3;0;1;0;0;0;1;0.0;0.0;0.0;0.0;0.0;0.0;0.0;0.0;1.0;0.0
385;96;996;3;0;1;0;0;0;1;0.0;0.0;0.0;0.0;0.0;0.0;0.0;0.0;0.0;0.0
386;32;1032;3;0;1;0;0;1;0;0.0;0.0;0.0;0.0;0.0;0.0;0.0;0.0;0.0;0.0
387;33;1033;3;0;1;0;0;1;0;0.0;0.0;0.0;0.0;0.0;0.0;0.0;0.0;0.0;0.0
388;41;1041;3;0;1;0;0;0;1;0.0;0.0;0.0;0.0;0.0;0.0;0.0;0.0;0.0;0.0
389;53;1053;3;0;1;0;0;1;0;0.0;0.0;0.0;0.0;0.0;0.0;0.0;0.0;0.0;0.0
390;56;1056;3;0;1;0;0;0;0;0.0;0.0;0.0;0.0;0.0;0.0;0.0;0.0;0.0;0.0
391;63;1063;3;0;1;0;0;1;0;0.0;0.0;0.0;0.0;0.0;0.0;0.0;0.0;0.0;0.0
392;67;1067;3;0;1;0;0;1;0;0.0;0.0;0.0;0.0;0.0;0.0;0.0;0.0;0.0;0.0
393;71;1071;3;0;1;0;0;0;1;0.0;0.0;0.0;0.0;0.0;0.0;0.0;0.0;0.0;0.0
394;75;1075;3;0;1;0;0;1;0;0.0;0.0;0.0;0.0;0.0;0.0;0.0;0.0;0.0;0.0
395;86;1086;3;0;1;0;0;0;1;0.0;0.0;0.0;0.0;0.0;0.0;0.0;0.0;0.0;0.0
396;93;1093;3;0;1;0;1;0;0;0.0;0.0;0.0;0.0;0.0;0.0;0.0;0.0;0.0;0.0
397;94;1094;3;0;1;0;0;0;1;0.0;0.0;0.0;0.0;0.0;0.0;0.0;0.0;0.0;0.0
398;5;1105;3;0;1;0;0;1;0;0.0;0.0;0.0;1.0;0.0;0.0;0.0;0.0;0.0;0.0
399;10;1110;3;0;1;0;0;1;0;0.0;0.0;0.0;0.0;0.0;0.0;0.0;1.0;0.0;0.0
400;13;1113;3;0;1;0;0;1;0;0.0;0.0;0.0;1.0;0.0;0.0;0.0;1.0;1.0;0.0
401;19;1119;3;0;1;0;0;0;1;0.0;0.0;0.0;1.0;1.0;0.0;0.0;1.0;0.0;0.0
402;23;1123;3;0;1;0;0;0;1;0.0;0.0;0.0;0.0;0.0;0.0;0.0;0.0;0.0;0.0
403;38;1138;3;0;1;0;0;1;0;0.0;0.0;0.0;0.0;0.0;0.0;0.0;0.0;0.0;0.0
404;43;1143;3;0;1;0;0;0;1;0.0;0.0;0.0;0.0;0.0;0.0;0.0;0.0;1.0;0.0
405;51;1151;3;0;1;0;0;1;0;0.0;0.0;0.0;1.0;0.0;0.0;0.0;1.0;1.0;0.0
406;52;1152;3;0;1;0;0;1;0;0.0;0.0;0.0;0.0;1.0;0.0;0.0;0.0;0.0;0.0
407;65;1165;3;0;1;0;0;1;0;0.0;0.0;0.0;0.0;0.0;0.0;0.0;0.0;0.0;0.0
408;67;1167;3;0;1;0;0;1;0;0.0;0.0;0.0;0.0;1.0;0.0;0.0;0.0;0.0;0.0
409;72;1172;3;0;1;0;0;1;0;0.0;0.0;0.0;0.0;0.0;0.0;0.0;0.0;0.0;0.0
410;76;1176;3;0;1;0;0;1;0;0.0;0.0;0.0;0.0;1.0;0.0;0.0;0.0;1.0;0.0
411;79;1179;3;0;1;0;0;1;0;0.0;0.0;0.0;0.0;0.0;0.0;0.0;1.0;0.0;0.0
412;95;1195;3;0;1;0;0;0;1;0.0;0.0;0.0;0.0;0.0;0.0;0.0;0.0;0.0;0.0
413;97;1197;3;0;1;0;0;1;0;0.0;0.0;0.0;0.0;0.0;0.0;0.0;1.0;0.0;0.0
414;59;59;4;0;0;1;0;0;1;0.0;0.0;0.0;0.0;0.0;0.0;0.0;0.0;0.0;0.0
415;76;76;4;0;0;1;0;1;0;0.0;0.0;0.0;0.0;0.0;0.0;0.0;0.0;0.0;0.0
416;1;201;4;0;0;1;0;0;1;0.0;0.0;0.0;0.0;0.0;0.0;0.0;0.0;0.0;0.0
417;55;255;4;0;0;1;0;1;0;0.0;0.0;0.0;0.0;0.0;0.0;0.0;0.0;0.0;0.0
418;47;347;4;0;0;1;0;0;1;0.0;0.0;0.0;0.0;0.0;0.0;0.0;0.0;0.0;0.0
419;84;384;4;0;0;1;0;1;0;0.0;0.0;0.0;0.0;0.0;0.0;0.0;0.0;0.0;0.0
420;23;423;4;1;0;0;0;0;1;0.0;0.0;0.0;0.0;0.0;0.0;0.0;0.0;0.0;0.0
421;3;703;4;1;0;0;0;1;0;0.0;0.0;0.0;0.0;0.0;0.0;0.0;0.0;0.0;0.0
422;9;709;4;1;0;0;0;1;0;1.0;0.0;0.0;0.0;0.0;0.0;0.0;0.0;0.0;0.0
423;66;866;4;0;1;0;0;1;0;0.0;0.0;0.0;0.0;0.0;0.0;0.0;0.0;0.0;0.0
424;40;40;5;0;0;1;1;0;0;0.0;0.0;0.0;0.0;0.0;0.0;0.0;0.0;0.0;0.0
425;68;268;5;0;0;1;0;1;0;0.0;0.0;0.0;0.0;0.0;0.0;0.0;0.0;0.0;0.0
426;1;1;6;0;0;1;1;0;0;0.0;0.0;0.0;0.0;0.0;0.0;0.0;0.0;0.0;1.0
427;10;10;6;0;0;1;0;1;0;0.0;0.0;0.0;0.0;0.0;0.0;0.0;0.0;0.0;0.0
428;21;21;6;0;0;1;0;1;0;0.0;0.0;0.0;0.0;0.0;0.0;0.0;0.0;0.0;1.0
429;26;26;6;0;0;1;1;0;0;0.0;0.0;0.0;0.0;0.0;0.0;0.0;0.0;0.0;1.0
430;60;60;6;0;0;1;0;1;0;0.0;0.0;0.0;0.0;0.0;0.0;0.0;0.0;0.0;0.0
431;61;61;6;0;0;1;0;1;0;0.0;0.0;0.0;1.0;0.0;1.0;0.0;0.0;0.0;0.0
432;71;71;6;0;0;1;0;0;1;0.0;1.0;0.0;0.0;1.0;0.0;0.0;0.0;0.0;1.0
433;73;73;6;0;0;1;0;0;1;0.0;1.0;0.0;1.0;0.0;1.0;1.0;0.0;0.0;0.0
434;74;74;6;0;0;1;0;0;1;0.0;1.0;0.0;0.0;1.0;1.0;1.0;0.0;0.0;1.0
435;78;78;6;0;0;1;0;1;0;0.0;0.0;0.0;0.0;0.0;1.0;0.0;0.0;0.0;0.0
436;79;79;6;0;0;1;0;1;0;0.0;0.0;0.0;0.0;0.0;0.0;0.0;0.0;0.0;1.0
437;83;83;6;0;0;1;0;0;1;0.0;0.0;0.0;1.0;0.0;0.0;0.0;0.0;0.0;1.0
438;87;87;6;0;0;1;0;0;1;0.0;1.0;0.0;0.0;1.0;1.0;0.0;0.0;0.0;0.0
439;94;94;6;0;0;1;0;1;0;0.0;0.0;0.0;0.0;1.0;0.0;0.0;0.0;0.0;1.0
440;99;99;6;0;0;1;0;0;1;0.0;1.0;0.0;0.0;0.0;1.0;0.0;0.0;0.0;0.0
441;6;106;6;0;0;1;0;1;0;0.0;0.0;0.0;0.0;0.0;0.0;0.0;0.0;0.0;0.0
442;13;113;6;0;0;1;0;1;0;0.0;0.0;0.0;0.0;0.0;0.0;0.0;0.0;0.0;0.0
443;17;117;6;0;0;1;0;1;0;0.0;0.0;0.0;0.0;0.0;0.0;0.0;0.0;0.0;0.0
444;22;122;6;0;0;1;0;1;0;0.0;0.0;0.0;0.0;0.0;0.0;0.0;0.0;0.0;0.0
445;26;126;6;0;0;1;1;0;0;0.0;1.0;0.0;0.0;1.0;1.0;1.0;0.0;0.0;1.0
446;36;136;6;0;0;1;0;0;1;0.0;0.0;0.0;0.0;0.0;0.0;0.0;0.0;0.0;0.0
447;37;137;6;0;0;1;0;1;0;0.0;0.0;0.0;0.0;0.0;0.0;0.0;0.0;0.0;0.0
448;38;138;6;0;0;1;0;1;0;0.0;0.0;0.0;0.0;0.0;0.0;0.0;0.0;0.0;0.0
449;43;143;6;0;0;1;0;1;0;0.0;0.0;0.0;0.0;0.0;0.0;0.0;0.0;0.0;0.0
450;56;156;6;0;0;1;0;1;0;0.0;0.0;0.0;0.0;0.0;0.0;0.0;0.0;0.0;0.0
451;61;161;6;0;0;1;0;1;0;0.0;0.0;0.0;0.0;0.0;0.0;0.0;0.0;0.0;0.0
452;6;206;6;0;0;1;0;1;0;0.0;0.0;0.0;0.0;0.0;0.0;0.0;0.0;0.0;0.0
453;8;208;6;0;0;1;0;1;0;0.0;0.0;0.0;0.0;0.0;0.0;0.0;0.0;0.0;0.0
454;9;209;6;0;0;1;0;1;0;0.0;0.0;0.0;0.0;0.0;0.0;0.0;0.0;0.0;0.0
455;14;214;6;0;0;1;0;1;0;0.0;0.0;0.0;0.0;0.0;0.0;0.0;0.0;0.0;0.0
456;21;221;6;0;0;1;0;1;0;0.0;0.0;0.0;0.0;0.0;0.0;0.0;0.0;0.0;0.0
457;24;224;6;0;0;1;0;1;0;0.0;0.0;0.0;0.0;0.0;0.0;0.0;0.0;0.0;0.0
458;27;227;6;0;0;1;0;0;1;0.0;0.0;0.0;0.0;0.0;0.0;0.0;0.0;0.0;0.0
459;29;229;6;0;0;1;0;1;0;0.0;0.0;0.0;0.0;0.0;0.0;0.0;0.0;0.0;0.0
460;35;235;6;0;0;1;0;1;0;0.0;0.0;0.0;0.0;0.0;0.0;0.0;0.0;0.0;0.0
461;41;241;6;0;0;1;0;1;0;0.0;1.0;0.0;0.0;1.0;1.0;1.0;0.0;0.0;1.0
462;64;264;6;0;0;1;0;1;0;0.0;0.0;0.0;0.0;0.0;0.0;0.0;0.0;0.0;0.0
463;66;266;6;0;0;1;0;1;0;0.0;0.0;0.0;0.0;0.0;0.0;0.0;0.0;0.0;0.0
464;71;271;6;0;0;1;0;1;0;0.0;0.0;0.0;0.0;0.0;0.0;0.0;0.0;0.0;0.0
465;76;276;6;0;0;1;0;1;0;0.0;0.0;0.0;0.0;0.0;0.0;0.0;0.0;0.0;0.0
466;83;283;6;0;0;1;0;1;0;0.0;0.0;0.0;0.0;0.0;0.0;0.0;0.0;0.0;0.0
467;90;290;6;0;0;1;0;1;0;0.0;0.0;0.0;0.0;0.0;0.0;0.0;0.0;0.0;0.0
468;91;291;6;0;0;1;0;0;1;0.0;0.0;0.0;0.0;0.0;0.0;0.0;0.0;0.0;0.0
469;92;292;6;0;0;1;0;0;1;0.0;0.0;0.0;0.0;0.0;0.0;0.0;0.0;0.0;0.0
470;99;299;6;0;0;1;0;0;1;0.0;0.0;0.0;0.0;0.0;0.0;0.0;0.0;0.0;0.0
471;1;301;6;0;0;1;0;1;0;0.0;0.0;0.0;0.0;0.0;0.0;0.0;0.0;0.0;0.0
472;5;305;6;0;0;1;0;1;0;0.0;0.0;0.0;0.0;0.0;0.0;0.0;0.0;0.0;0.0
473;7;307;6;0;0;1;0;1;0;0.0;0.0;0.0;0.0;0.0;0.0;0.0;0.0;0.0;0.0
474;9;309;6;0;0;1;0;1;0;0.0;0.0;0.0;0.0;0.0;0.0;0.0;0.0;0.0;0.0
475;10;310;6;0;0;1;0;0;1;0.0;0.0;0.0;0.0;0.0;0.0;0.0;0.0;0.0;0.0
476;12;312;6;0;0;1;0;0;1;0.0;0.0;0.0;0.0;0.0;0.0;0.0;0.0;0.0;0.0
477;21;321;6;0;0;1;0;0;1;0.0;0.0;0.0;0.0;0.0;0.0;0.0;0.0;0.0;0.0
478;24;324;6;0;0;1;0;1;0;0.0;0.0;0.0;0.0;0.0;0.0;0.0;0.0;0.0;0.0
479;30;330;6;0;0;1;0;0;1;0.0;0.0;0.0;0.0;0.0;0.0;0.0;0.0;0.0;0.0
480;35;335;6;0;0;1;0;0;1;0.0;0.0;0.0;0.0;0.0;0.0;0.0;0.0;0.0;0.0
481;38;338;6;0;0;1;0;1;0;0.0;0.0;0.0;0.0;0.0;0.0;0.0;0.0;0.0;0.0
482;40;340;6;0;0;1;0;1;0;0.0;0.0;0.0;0.0;0.0;0.0;0.0;0.0;0.0;0.0
483;41;341;6;0;0;1;0;0;1;0.0;0.0;0.0;0.0;0.0;0.0;0.0;0.0;0.0;0.0
484;44;344;6;0;0;1;0;1;0;0.0;0.0;0.0;0.0;0.0;0.0;0.0;0.0;0.0;0.0
485;45;345;6;0;0;1;0;1;0;0.0;0.0;0.0;0.0;0.0;0.0;0.0;0.0;0.0;0.0
486;53;353;6;0;0;1;0;1;0;0.0;0.0;0.0;0.0;0.0;0.0;0.0;0.0;0.0;0.0
487;58;358;6;0;0;1;0;1;0;0.0;1.0;0.0;0.0;1.0;1.0;1.0;0.0;0.0;1.0
488;72;372;6;0;0;1;0;0;1;0.0;0.0;0.0;0.0;0.0;0.0;0.0;0.0;0.0;0.0
489;74;374;6;0;0;1;0;0;1;0.0;0.0;0.0;0.0;0.0;0.0;0.0;0.0;0.0;0.0
490;75;375;6;0;0;1;0;0;1;0.0;0.0;0.0;0.0;0.0;0.0;0.0;0.0;0.0;0.0
491;78;378;6;0;0;1;0;0;1;0.0;0.0;0.0;0.0;0.0;0.0;0.0;0.0;0.0;0.0
492;91;391;6;0;0;1;0;1;0;0.0;0.0;0.0;0.0;0.0;0.0;0.0;0.0;0.0;0.0
493;92;392;6;0;0;1;0;1;0;0.0;0.0;0.0;0.0;0.0;0.0;0.0;0.0;0.0;0.0
494;94;394;6;0;0;1;0;1;0;0.0;0.0;0.0;0.0;0.0;0.0;0.0;0.0;0.0;0.0
495;97;397;6;0;0;1;0;0;1;0.0;0.0;0.0;0.0;0.0;0.0;0.0;0.0;0.0;0.0
496;99;399;6;0;0;1;0;1;0;0.0;0.0;0.0;0.0;0.0;0.0;0.0;0.0;0.0;0.0
497;1;401;6;1;0;0;0;1;0;0.0;0.0;0.0;0.0;0.0;0.0;0.0;0.0;0.0;0.0
498;5;405;6;1;0;0;0;1;0;0.0;0.0;0.0;0.0;0.0;0.0;0.0;0.0;0.0;0.0
499;15;415;6;1;0;0;0;1;0;0.0;0.0;0.0;0.0;0.0;0.0;0.0;0.0;0.0;0.0
500;19;419;6;1;0;0;0;0;1;0.0;0.0;0.0;0.0;0.0;0.0;0.0;0.0;0.0;0.0
501;24;424;6;1;0;0;0;1;0;0.0;0.0;0.0;0.0;0.0;0.0;0.0;0.0;0.0;0.0
502;56;456;6;1;0;0;0;1;0;0.0;0.0;0.0;0.0;0.0;0.0;0.0;0.0;0.0;0.0
503;72;472;6;1;0;0;0;0;1;0.0;0.0;0.0;0.0;0.0;0.0;0.0;0.0;0.0;0.0
504;85;485;6;1;0;0;0;0;1;0.0;0.0;0.0;0.0;0.0;0.0;0.0;0.0;0.0;0.0
505;95;495;6;1;0;0;0;0;1;0.0;0.0;0.0;0.0;0.0;0.0;0.0;0.0;0.0;0.0
506;99;499;6;1;0;0;0;0;1;0.0;0.0;0.0;0.0;0.0;0.0;0.0;0.0;0.0;0.0
507;4;504;6;1;0;0;0;1;0;0.0;0.0;0.0;0.0;0.0;0.0;0.0;0.0;0.0;0.0
508;6;506;6;1;0;0;0;1;0;0.0;1.0;0.0;0.0;1.0;1.0;1.0;0.0;0.0;1.0
509;11;511;6;1;0;0;0;1;0;0.0;0.0;0.0;0.0;0.0;0.0;0.0;0.0;0.0;0.0
510;34;534;6;1;0;0;0;1;0;0.0;0.0;0.0;0.0;0.0;0.0;0.0;0.0;0.0;0.0
511;44;544;6;1;0;0;0;1;0;0.0;0.0;0.0;0.0;0.0;0.0;0.0;0.0;0.0;0.0
512;46;546;6;1;0;0;0;0;1;0.0;0.0;0.0;0.0;0.0;0.0;0.0;0.0;0.0;0.0
513;52;552;6;1;0;0;0;0;1;0.0;0.0;0.0;0.0;0.0;0.0;0.0;0.0;0.0;0.0
514;58;558;6;1;0;0;1;0;0;0.0;0.0;0.0;0.0;0.0;0.0;0.0;0.0;0.0;0.0
515;60;560;6;1;0;0;0;1;0;0.0;0.0;0.0;0.0;0.0;0.0;0.0;0.0;0.0;0.0
516;73;573;6;1;0;0;0;1;0;0.0;0.0;0.0;0.0;0.0;0.0;0.0;0.0;0.0;0.0
517;82;582;6;1;0;0;0;1;0;0.0;0.0;0.0;0.0;0.0;0.0;0.0;0.0;0.0;0.0
518;83;583;6;1;0;0;0;1;0;0.0;1.0;0.0;0.0;1.0;1.0;1.0;0.0;0.0;1.0
519;0;600;6;1;0;0;0;1;0;0.0;0.0;0.0;0.0;0.0;0.0;0.0;0.0;0.0;1.0
520;3;603;6;1;0;0;0;1;0;0.0;1.0;0.0;0.0;1.0;0.0;0.0;0.0;0.0;1.0
521;9;609;6;1;0;0;0;1;0;0.0;1.0;0.0;0.0;0.0;1.0;0.0;0.0;0.0;0.0
522;11;611;6;1;0;0;0;1;0;0.0;1.0;0.0;0.0;0.0;0.0;1.0;0.0;0.0;1.0
523;17;617;6;1;0;0;0;1;0;0.0;0.0;0.0;0.0;1.0;0.0;0.0;0.0;0.0;1.0
524;32;632;6;1;0;0;0;1;0;0.0;0.0;0.0;1.0;0.0;1.0;0.0;0.0;0.0;0.0
525;39;639;6;1;0;0;0;1;0;0.0;0.0;0.0;0.0;1.0;0.0;0.0;0.0;0.0;1.0
526;62;662;6;1;0;0;0;1;0;0.0;1.0;0.0;0.0;0.0;0.0;1.0;0.0;0.0;0.0
527;64;664;6;1;0;0;0;0;1;0.0;0.0;0.0;1.0;0.0;1.0;0.0;0.0;0.0;0.0
528;65;665;6;1;0;0;0;1;0;0.0;1.0;0.0;0.0;1.0;1.0;1.0;0.0;0.0;1.0
529;75;675;6;1;0;0;0;0;0;0.0;1.0;0.0;0.0;1.0;1.0;1.0;0.0;0.0;1.0
530;76;676;6;1;0;0;0;0;1;0.0;0.0;0.0;0.0;0.0;0.0;0.0;0.0;0.0;1.0
531;99;699;6;1;0;0;0;1;0;0.0;0.0;0.0;0.0;0.0;0.0;0.0;0.0;0.0;1.0
532;5;705;6;1;0;0;1;0;0;0.0;0.0;0.0;0.0;0.0;1.0;0.0;0.0;0.0;0.0
533;7;707;6;1;0;0;0;1;0;0.0;0.0;0.0;0.0;0.0;0.0;0.0;0.0;0.0;1.0
534;13;713;6;1;0;0;0;1;0;0.0;1.0;0.0;0.0;1.0;0.0;1.0;0.0;0.0;1.0
535;40;740;6;1;0;0;0;1;0;0.0;0.0;0.0;0.0;1.0;0.0;0.0;0.0;0.0;0.0
536;42;742;6;1;0;0;0;1;0;0.0;0.0;0.0;0.0;1.0;0.0;0.0;0.0;0.0;1.0
537;50;750;6;1;0;0;0;1;0;0.0;0.0;0.0;0.0;1.0;1.0;0.0;0.0;0.0;0.0
538;51;751;6;1;0;0;0;0;1;0.0;1.0;0.0;0.0;0.0;1.0;1.0;0.0;0.0;0.0
539;62;762;6;1;0;0;0;1;0;0.0;1.0;0.0;0.0;1.0;0.0;1.0;0.0;0.0;1.0
540;79;779;6;1;0;0;0;0;1;0.0;0.0;0.0;0.0;0.0;0.0;0.0;0.0;0.0;0.0
541;92;792;6;1;0;0;0;1;0;0.0;1.0;0.0;0.0;1.0;1.0;0.0;0.0;0.0;0.0
542;8;808;6;0;1;0;0;1;0;0.0;1.0;0.0;0.0;1.0;1.0;1.0;0.0;0.0;1.0
543;18;818;6;0;1;0;0;1;0;0.0;0.0;0.0;0.0;0.0;0.0;1.0;0.0;0.0;0.0
544;21;821;6;0;1;0;0;0;1;0.0;1.0;0.0;0.0;1.0;1.0;0.0;0.0;0.0;0.0
545;35;835;6;0;1;0;0;1;0;0.0;0.0;0.0;0.0;1.0;0.0;0.0;0.0;0.0;1.0
546;38;838;6;0;1;0;0;1;0;0.0;0.0;0.0;1.0;0.0;0.0;0.0;0.0;0.0;0.0
547;43;843;6;0;1;0;0;1;0;0.0;1.0;0.0;0.0;1.0;1.0;1.0;0.0;0.0;1.0
548;48;848;6;0;1;0;0;0;1;0.0;0.0;0.0;0.0;0.0;0.0;0.0;0.0;0.0;1.0
549;62;862;6;0;1;0;0;1;0;0.0;0.0;0.0;0.0;0.0;1.0;0.0;0.0;0.0;0.0
550;65;865;6;0;1;0;0;1;0;0.0;1.0;0.0;0.0;1.0;0.0;1.0;0.0;0.0;1.0
551;74;874;6;0;1;0;0;1;0;0.0;0.0;0.0;0.0;0.0;0.0;0.0;0.0;0.0;0.0
552;81;881;6;0;1;0;0;1;0;0.0;0.0;0.0;0.0;0.0;0.0;0.0;0.0;0.0;1.0
553;84;884;6;0;1;0;0;0;1;0.0;0.0;0.0;0.0;0.0;0.0;0.0;0.0;0.0;1.0
554;85;885;6;0;1;0;0;0;1;0.0;0.0;0.0;0.0;0.0;1.0;1.0;0.0;0.0;0.0
555;90;890;6;0;1;0;0;0;1;0.0;1.0;0.0;0.0;0.0;1.0;0.0;0.0;0.0;0.0
556;95;895;6;0;1;0;0;0;0;0.0;1.0;0.0;1.0;0.0;0.0;1.0;0.0;0.0;1.0
557;97;897;6;0;1;0;0;0;1;0.0;0.0;0.0;0.0;0.0;0.0;0.0;0.0;0.0;1.0
558;98;898;6;0;1;0;0;1;0;0.0;1.0;0.0;0.0;0.0;0.0;1.0;0.0;0.0;1.0
559;3;903;6;0;1;0;0;1;0;0.0;1.0;0.0;0.0;1.0;1.0;1.0;0.0;0.0;1.0
560;11;911;6;0;1;0;0;1;0;0.0;1.0;0.0;0.0;1.0;1.0;1.0;0.0;0.0;1.0
561;12;912;6;0;1;0;0;1;0;0.0;0.0;0.0;0.0;0.0;1.0;0.0;0.0;0.0;0.0
562;18;918;6;0;1;0;0;1;0;0.0;0.0;0.0;0.0;0.0;0.0;0.0;0.0;0.0;1.0
563;28;928;6;0;1;0;0;1;0;0.0;1.0;0.0;0.0;0.0;0.0;0.0;0.0;0.0;0.0
564;32;932;6;0;1;0;0;1;0;0.0;1.0;0.0;0.0;1.0;1.0;1.0;0.0;0.0;1.0
565;33;933;6;0;1;0;0;1;0;0.0;0.0;0.0;0.0;0.0;0.0;0.0;0.0;0.0;1.0
566;34;934;6;0;1;0;0;1;0;0.0;1.0;0.0;0.0;0.0;1.0;1.0;0.0;0.0;0.0
567;39;939;6;0;1;0;0;1;0;0.0;0.0;0.0;0.0;0.0;1.0;0.0;0.0;0.0;0.0
568;47;947;6;0;1;0;0;1;0;0.0;0.0;0.0;0.0;1.0;1.0;0.0;0.0;0.0;0.0
569;61;961;6;0;1;0;0;1;0;0.0;1.0;0.0;0.0;1.0;1.0;1.0;0.0;0.0;1.0
570;71;971;6;0;1;0;0;0;1;0.0;1.0;0.0;0.0;0.0;0.0;0.0;0.0;0.0;0.0
571;84;984;6;0;1;0;1;0;0;0.0;0.0;0.0;0.0;0.0;0.0;0.0;0.0;0.0;1.0
572;87;987;6;0;1;0;0;0;1;0.0;0.0;0.0;0.0;0.0;0.0;0.0;0.0;0.0;1.0
573;88;988;6;0;1;0;0;1;0;0.0;1.0;0.0;0.0;1.0;0.0;1.0;0.0;0.0;1.0
574;90;990;6;0;1;0;0;0;1;0.0;1.0;0.0;1.0;1.0;0.0;1.0;0.0;0.0;1.0
575;92;992;6;0;1;0;0;0;1;0.0;1.0;0.0;1.0;1.0;1.0;1.0;0.0;0.0;0.0
576;94;994;6;0;1;0;0;1;0;0.0;1.0;0.0;0.0;1.0;1.0;1.0;0.0;0.0;1.0
577;99;999;6;0;1;0;0;0;1;0.0;0.0;0.0;0.0;0.0;0.0;0.0;0.0;0.0;1.0
578;3;1003;6;0;1;0;1;0;0;0.0;0.0;0.0;0.0;0.0;0.0;0.0;0.0;0.0;0.0
579;38;1038;6;0;1;0;0;1;0;0.0;0.0;0.0;0.0;0.0;0.0;0.0;0.0;0.0;0.0
580;49;1049;6;0;1;0;0;0;0;0.0;0.0;0.0;0.0;0.0;0.0;0.0;0.0;0.0;0.0
581;54;1054;6;0;1;0;0;0;1;0.0;0.0;0.0;0.0;0.0;0.0;0.0;0.0;0.0;0.0
582;78;1078;6;0;1;0;0;1;0;0.0;0.0;0.0;0.0;0.0;0.0;0.0;0.0;0.0;0.0
583;80;1080;6;0;1;0;0;1;0;0.0;0.0;0.0;0.0;0.0;0.0;0.0;0.0;0.0;0.0
584;82;1082;6;0;1;0;0;1;0;0.0;1.0;0.0;0.0;1.0;1.0;1.0;0.0;0.0;1.0
585;89;1089;6;0;1;0;0;1;0;0.0;0.0;0.0;0.0;0.0;0.0;0.0;0.0;0.0;0.0
586;91;1091;6;0;1;0;0;0;0;0.0;0.0;0.0;0.0;0.0;0.0;0.0;0.0;0.0;0.0
587;11;1111;6;0;1;0;0;1;0;0.0;0.0;0.0;1.0;0.0;0.0;0.0;0.0;0.0;0.0
588;15;1115;6;0;1;0;0;1;0;0.0;1.0;0.0;0.0;1.0;1.0;1.0;0.0;0.0;1.0
589;18;1118;6;0;1;0;0;0;1;0.0;1.0;0.0;0.0;1.0;1.0;1.0;0.0;0.0;1.0
590;31;1131;6;0;1;0;0;1;0;0.0;1.0;0.0;0.0;1.0;1.0;1.0;0.0;0.0;1.0
591;36;1136;6;0;1;0;0;1;0;0.0;0.0;0.0;0.0;0.0;0.0;1.0;0.0;0.0;1.0
592;37;1137;6;0;1;0;0;1;0;0.0;0.0;0.0;0.0;1.0;0.0;0.0;0.0;0.0;1.0
593;41;1141;6;0;1;0;1;0;0;0.0;1.0;0.0;0.0;1.0;1.0;1.0;0.0;0.0;1.0
594;47;1147;6;0;1;0;1;0;0;0.0;1.0;0.0;0.0;0.0;0.0;1.0;0.0;0.0;1.0
595;54;1154;6;0;1;0;0;1;0;0.0;1.0;0.0;0.0;0.0;1.0;1.0;0.0;0.0;0.0
596;56;1156;6;0;1;0;1;0;0;0.0;0.0;0.0;1.0;1.0;1.0;1.0;0.0;0.0;0.0
597;66;1166;6;0;1;0;0;0;1;0.0;1.0;0.0;0.0;0.0;0.0;1.0;0.0;0.0;1.0
598;69;1169;6;0;1;0;0;0;1;0.0;1.0;0.0;0.0;0.0;0.0;1.0;0.0;0.0;1.0
599;74;1174;6;0;1;0;0;1;0;0.0;1.0;0.0;0.0;1.0;1.0;1.0;0.0;0.0;1.0
600;75;1175;6;0;1;0;0;1;0;0.0;0.0;0.0;0.0;0.0;1.0;0.0;0.0;0.0;0.0
601;89;1189;6;0;1;0;0;0;1;0.0;1.0;0.0;0.0;1.0;1.0;1.0;0.0;0.0;1.0
602;43;43;7;0;0;1;0;0;1;1.0;0.0;1.0;0.0;1.0;0.0;0.0;0.0;0.0;1.0
603;54;254;7;0;0;1;0;1;0;0.0;0.0;0.0;0.0;0.0;0.0;0.0;0.0;0.0;0.0
604;93;293;7;0;0;1;0;0;1;0.0;0.0;0.0;0.0;0.0;0.0;0.0;0.0;0.0;0.0
605;26;326;7;0;0;1;0;1;0;0.0;0.0;0.0;0.0;0.0;0.0;0.0;0.0;0.0;0.0
606;31;331;7;0;0;1;0;0;1;0.0;0.0;0.0;0.0;0.0;0.0;0.0;0.0;0.0;0.0
607;32;332;7;0;0;1;0;0;1;0.0;1.0;0.0;1.0;1.0;1.0;0.0;0.0;0.0;1.0
608;55;355;7;0;0;1;0;0;1;0.0;0.0;0.0;0.0;0.0;0.0;0.0;0.0;0.0;0.0
609;56;356;7;0;0;1;0;0;1;0.0;0.0;0.0;0.0;0.0;0.0;0.0;0.0;0.0;0.0
610;14;414;7;1;0;0;0;1;0;0.0;0.0;0.0;0.0;0.0;0.0;0.0;0.0;0.0;0.0
611;22;422;7;1;0;0;0;0;1;0.0;0.0;0.0;0.0;0.0;0.0;0.0;0.0;0.0;0.0
612;92;692;7;1;0;0;0;1;0;0.0;1.0;0.0;0.0;0.0;0.0;1.0;0.0;0.0;1.0
613;4;704;7;1;0;0;0;1;0;0.0;0.0;0.0;0.0;0.0;1.0;0.0;0.0;0.0;0.0
614;15;715;7;1;0;0;0;0;1;0.0;1.0;0.0;1.0;1.0;1.0;0.0;0.0;0.0;1.0
615;55;755;7;1;0;0;0;0;1;0.0;1.0;0.0;0.0;1.0;1.0;1.0;0.0;0.0;0.0
616;95;795;7;1;0;0;0;0;1;0.0;0.0;0.0;1.0;1.0;0.0;0.0;0.0;0.0;1.0
617;3;803;7;0;1;0;0;1;0;0.0;1.0;0.0;1.0;1.0;0.0;0.0;0.0;0.0;0.0
618;7;807;7;0;1;0;1;0;0;0.0;0.0;0.0;0.0;0.0;0.0;0.0;0.0;0.0;0.0
619;29;829;7;0;1;0;0;0;1;0.0;0.0;0.0;1.0;0.0;0.0;0.0;0.0;0.0;1.0
620;32;832;7;0;1;0;0;0;1;0.0;0.0;0.0;0.0;0.0;0.0;0.0;0.0;0.0;0.0
621;93;893;7;0;1;0;0;0;1;0.0;1.0;0.0;0.0;1.0;1.0;1.0;0.0;0.0;0.0
622;10;910;7;0;1;0;0;1;0;0.0;0.0;0.0;1.0;1.0;1.0;0.0;0.0;0.0;0.0
623;18;1018;7;0;1;0;0;1;0;0.0;0.0;0.0;0.0;0.0;0.0;0.0;0.0;0.0;0.0
624;84;1084;7;0;1;0;0;1;0;0.0;0.0;0.0;0.0;0.0;0.0;0.0;0.0;0.0;0.0
625;99;1099;7;0;1;0;0;0;1;0.0;0.0;0.0;0.0;0.0;0.0;0.0;0.0;0.0;0.0
626;14;1114;7;0;1;0;0;0;1;0.0;1.0;0.0;1.0;1.0;1.0;0.0;0.0;0.0;1.0
627;25;1125;7;0;1;0;0;1;0;0.0;1.0;0.0;1.0;1.0;1.0;0.0;0.0;0.0;1.0
628;45;1145;7;0;1;0;1;0;0;0.0;0.0;0.0;0.0;0.0;0.0;0.0;0.0;0.0;0.0
629;78;1178;7;0;1;0;1;0;0;0.0;1.0;0.0;1.0;1.0;1.0;0.0;0.0;0.0;1.0
630;62;262;8;0;0;1;0;1;0;0.0;0.0;0.0;0.0;0.0;0.0;0.0;0.0;0.0;0.0
631;12;412;8;1;0;0;0;1;0;0.0;0.0;0.0;0.0;0.0;0.0;0.0;0.0;0.0;0.0
632;12;512;8;1;0;0;1;0;0;0.0;0.0;0.0;0.0;0.0;0.0;0.0;0.0;0.0;0.0
633;45;545;8;1;0;0;0;1;0;0.0;0.0;0.0;0.0;0.0;0.0;0.0;0.0;0.0;0.0
634;21;621;8;1;0;0;0;1;0;0.0;0.0;0.0;0.0;1.0;0.0;0.0;0.0;0.0;0.0
635;99;899;8;0;1;0;0;1;0;0.0;0.0;0.0;0.0;0.0;0.0;0.0;0.0;0.0;0.0
636;29;929;8;0;1;0;1;0;0;0.0;0.0;0.0;0.0;0.0;0.0;0.0;0.0;0.0;0.0
637;40;1040;8;0;1;0;0;1;0;0.0;0.0;0.0;0.0;0.0;0.0;0.0;0.0;0.0;0.0
638;7;1107;8;0;1;0;0;1;0;0.0;0.0;0.0;0.0;1.0;0.0;0.0;0.0;0.0;0.0
639;82;1182;8;0;1;0;0;1;0;0.0;0.0;0.0;0.0;1.0;0.0;0.0;0.0;0.0;0.0
640;33;33;12;0;0;1;0;1;0;0.0;0.0;0.0;1.0;1.0;0.0;0.0;0.0;0.0;0.0
641;63;63;12;0;0;1;1;0;0;0.0;0.0;0.0;1.0;1.0;0.0;0.0;0.0;0.0;0.0
642;24;124;12;0;0;1;0;1;0;0.0;0.0;0.0;1.0;1.0;0.0;0.0;0.0;0.0;0.0
643;46;146;12;0;0;1;0;1;0;0.0;0.0;0.0;0.0;0.0;0.0;0.0;0.0;0.0;0.0
644;80;180;12;0;0;1;0;1;0;0.0;0.0;0.0;0.0;0.0;0.0;0.0;0.0;0.0;0.0
645;2;202;12;0;0;1;0;1;0;0.0;0.0;0.0;0.0;0.0;0.0;0.0;0.0;0.0;0.0
646;10;210;12;0;0;1;1;0;0;0.0;0.0;0.0;0.0;0.0;0.0;0.0;0.0;0.0;0.0
647;32;232;12;0;0;1;0;0;1;0.0;0.0;0.0;0.0;0.0;0.0;0.0;0.0;0.0;0.0
648;47;247;12;0;0;1;0;0;1;0.0;0.0;0.0;1.0;1.0;0.0;0.0;0.0;0.0;0.0
649;17;317;12;0;0;1;0;1;0;0.0;0.0;0.0;1.0;1.0;0.0;0.0;0.0;0.0;0.0
650;50;350;12;0;0;1;0;1;0;0.0;0.0;0.0;0.0;0.0;0.0;0.0;0.0;0.0;0.0
651;59;359;12;0;0;1;0;0;1;0.0;0.0;0.0;0.0;0.0;0.0;0.0;0.0;0.0;0.0
652;61;361;12;0;0;1;0;0;1;0.0;0.0;0.0;0.0;0.0;0.0;0.0;0.0;0.0;0.0
653;89;389;12;0;0;1;0;0;1;0.0;0.0;0.0;0.0;0.0;0.0;0.0;0.0;0.0;0.0
654;9;409;12;1;0;0;0;1;0;0.0;0.0;0.0;0.0;0.0;0.0;0.0;0.0;0.0;0.0
655;28;428;12;1;0;0;0;1;0;0.0;0.0;0.0;0.0;0.0;0.0;0.0;0.0;0.0;0.0
656;67;467;12;1;0;0;0;0;1;0.0;0.0;0.0;0.0;0.0;0.0;0.0;0.0;0.0;0.0
657;80;480;12;1;0;0;0;0;1;0.0;0.0;0.0;0.0;0.0;0.0;0.0;0.0;0.0;0.0
658;97;497;12;1;0;0;0;1;0;0.0;0.0;0.0;0.0;0.0;0.0;0.0;0.0;0.0;0.0
659;1;501;12;1;0;0;0;1;0;0.0;0.0;0.0;1.0;1.0;0.0;0.0;0.0;0.0;0.0
660;48;548;12;1;0;0;0;1;0;0.0;0.0;0.0;0.0;0.0;0.0;0.0;0.0;0.0;0.0
661;70;570;12;1;0;0;0;1;0;0.0;0.0;0.0;0.0;0.0;0.0;0.0;0.0;0.0;0.0
662;55;655;12;1;0;0;0;0;1;0.0;0.0;0.0;0.0;0.0;0.0;0.0;0.0;0.0;0.0
663;85;685;12;1;0;0;0;1;0;0.0;0.0;0.0;0.0;0.0;0.0;0.0;0.0;0.0;0.0
664;97;697;12;1;0;0;0;1;0;0.0;0.0;0.0;0.0;1.0;0.0;0.0;0.0;0.0;0.0
665;61;761;12;1;0;0;0;1;0;0.0;0.0;0.0;1.0;1.0;0.0;0.0;0.0;0.0;0.0
666;69;769;12;1;0;0;1;0;0;0.0;0.0;0.0;1.0;1.0;0.0;0.0;0.0;0.0;0.0
667;6;806;12;0;1;0;0;1;0;0.0;0.0;0.0;0.0;0.0;0.0;0.0;0.0;0.0;0.0
668;28;828;12;0;1;0;0;1;0;0.0;0.0;0.0;1.0;1.0;0.0;0.0;0.0;0.0;0.0
669;1;901;12;0;1;0;0;1;0;0.0;0.0;0.0;1.0;1.0;0.0;0.0;0.0;0.0;0.0
670;19;919;12;0;1;0;0;1;0;0.0;0.0;0.0;0.0;0.0;0.0;0.0;0.0;0.0;0.0
671;44;944;12;0;1;0;0;1;0;0.0;0.0;0.0;0.0;1.0;0.0;0.0;0.0;0.0;0.0
672;79;979;12;0;1;0;0;1;0;0.0;0.0;0.0;0.0;0.0;0.0;0.0;0.0;0.0;0.0
673;98;998;12;0;1;0;0;1;0;0.0;0.0;0.0;1.0;1.0;0.0;0.0;0.0;0.0;0.0
674;30;1030;12;0;1;0;0;1;0;0.0;0.0;0.0;1.0;1.0;0.0;0.0;0.0;0.0;0.0
675;37;1037;12;0;1;0;0;1;0;0.0;0.0;0.0;1.0;1.0;0.0;0.0;0.0;0.0;0.0
676;64;1064;12;0;1;0;0;0;1;0.0;0.0;0.0;1.0;1.0;0.0;0.0;0.0;0.0;0.0
677;77;1077;12;0;1;0;0;0;1;0.0;0.0;0.0;0.0;0.0;0.0;0.0;0.0;0.0;0.0
678;12;1112;12;0;1;0;0;0;1;0.0;0.0;0.0;1.0;1.0;0.0;0.0;0.0;0.0;0.0
679;32;1132;12;0;1;0;0;0;1;0.0;0.0;0.0;0.0;0.0;0.0;0.0;0.0;0.0;0.0
680;35;1135;12;0;1;0;0;1;0;0.0;0.0;0.0;1.0;1.0;0.0;0.0;0.0;0.0;0.0
681;60;1160;12;0;1;0;0;1;0;0.0;0.0;0.0;1.0;0.0;0.0;0.0;0.0;0.0;0.0
682;70;1170;12;0;1;0;0;0;1;0.0;0.0;0.0;0.0;0.0;0.0;0.0;0.0;0.0;0.0
683;86;1186;12;0;1;0;0;0;1;0.0;0.0;0.0;1.0;1.0;0.0;0.0;0.0;0.0;0.0
684;99;1199;12;0;1;0;0;1;0;0.0;0.0;0.0;0.0;1.0;0.0;0.0;0.0;0.0;0.0
685;47;47;9;0;0;1;0;1;0;1.0;0.0;1.0;0.0;0.0;0.0;0.0;0.0;0.0;1.0
686;52;52;9;0;0;1;1;0;0;0.0;0.0;1.0;0.0;0.0;0.0;0.0;0.0;0.0;0.0
687;33;133;9;0;0;1;0;1;0;0.0;0.0;0.0;0.0;0.0;0.0;0.0;0.0;0.0;0.0
688;64;164;9;0;0;1;1;0;0;0.0;0.0;0.0;0.0;0.0;0.0;0.0;0.0;0.0;0.0
689;73;173;9;0;0;1;1;0;0;1.0;0.0;1.0;0.0;1.0;0.0;0.0;0.0;0.0;0.0
690;77;177;9;0;0;1;0;1;0;0.0;0.0;0.0;0.0;0.0;0.0;0.0;0.0;0.0;0.0
691;12;212;9;0;0;1;0;0;1;0.0;0.0;0.0;0.0;0.0;0.0;0.0;0.0;0.0;0.0
692;97;297;9;0;0;1;0;0;1;0.0;0.0;0.0;0.0;0.0;0.0;0.0;0.0;0.0;0.0
693;6;306;9;0;0;1;0;0;1;1.0;0.0;1.0;0.0;1.0;0.0;0.0;0.0;0.0;0.0
694;16;316;9;0;0;1;0;0;1;0.0;0.0;0.0;0.0;0.0;0.0;0.0;0.0;0.0;0.0
695;20;320;9;0;0;1;0;0;1;0.0;0.0;0.0;0.0;0.0;0.0;0.0;0.0;0.0;0.0
696;33;333;9;0;0;1;0;0;1;0.0;0.0;0.0;0.0;0.0;0.0;0.0;0.0;0.0;0.0
697;39;339;9;0;0;1;0;0;1;0.0;0.0;0.0;0.0;0.0;0.0;0.0;0.0;0.0;0.0
698;43;343;9;0;0;1;0;1;0;0.0;0.0;0.0;0.0;0.0;0.0;0.0;0.0;0.0;0.0
699;52;352;9;0;0;1;0;0;1;0.0;0.0;0.0;0.0;0.0;0.0;0.0;0.0;0.0;0.0
700;69;369;9;0;0;1;0;0;1;0.0;0.0;0.0;0.0;0.0;0.0;0.0;0.0;0.0;0.0
701;30;430;9;1;0;0;0;1;0;0.0;0.0;0.0;0.0;0.0;0.0;0.0;0.0;0.0;0.0
702;36;436;9;1;0;0;0;0;1;0.0;0.0;0.0;0.0;0.0;0.0;0.0;0.0;0.0;0.0
703;41;441;9;1;0;0;0;0;1;0.0;0.0;0.0;0.0;0.0;0.0;0.0;0.0;0.0;0.0
704;61;461;9;1;0;0;0;1;0;0.0;0.0;0.0;0.0;0.0;0.0;0.0;0.0;0.0;0.0
705;62;462;9;1;0;0;0;1;0;1.0;0.0;1.0;0.0;1.0;0.0;0.0;0.0;0.0;0.0
706;68;468;9;1;0;0;0;1;0;0.0;0.0;0.0;0.0;0.0;0.0;0.0;0.0;0.0;0.0
707;93;493;9;1;0;0;0;1;0;1.0;0.0;1.0;0.0;1.0;0.0;0.0;0.0;0.0;0.0
708;29;529;9;1;0;0;0;0;0;0.0;0.0;0.0;0.0;0.0;0.0;0.0;0.0;0.0;0.0
709;33;533;9;1;0;0;0;0;1;0.0;0.0;0.0;0.0;0.0;0.0;0.0;0.0;0.0;0.0
710;42;542;9;1;0;0;1;0;0;1.0;0.0;1.0;0.0;1.0;0.0;0.0;0.0;0.0;0.0
711;51;551;9;1;0;0;0;1;0;0.0;0.0;0.0;0.0;0.0;0.0;0.0;0.0;0.0;0.0
712;63;563;9;1;0;0;0;0;1;0.0;0.0;0.0;0.0;0.0;0.0;0.0;0.0;0.0;0.0
713;68;568;9;1;0;0;0;1;0;0.0;0.0;0.0;0.0;0.0;0.0;0.0;0.0;0.0;0.0
714;72;572;9;1;0;0;0;1;0;0.0;0.0;0.0;0.0;0.0;0.0;0.0;0.0;0.0;0.0
715;85;585;9;1;0;0;0;1;0;0.0;0.0;0.0;0.0;0.0;0.0;0.0;0.0;0.0;0.0
716;88;588;9;1;0;0;0;0;1;0.0;0.0;0.0;0.0;0.0;0.0;0.0;0.0;0.0;0.0
717;93;593;9;1;0;0;0;1;0;0.0;0.0;0.0;0.0;0.0;0.0;0.0;0.0;0.0;0.0
718;96;596;9;1;0;0;0;1;0;0.0;0.0;0.0;0.0;0.0;0.0;0.0;0.0;0.0;0.0
719;19;619;9;1;0;0;0;1;0;0.0;0.0;1.0;0.0;1.0;0.0;0.0;0.0;0.0;0.0
720;27;627;9;1;0;0;0;0;1;0.0;0.0;1.0;0.0;0.0;0.0;0.0;0.0;0.0;0.0
721;34;634;9;1;0;0;0;1;0;1.0;0.0;1.0;0.0;1.0;0.0;0.0;0.0;0.0;0.0
722;49;649;9;1;0;0;0;0;1;1.0;0.0;1.0;0.0;1.0;0.0;0.0;0.0;0.0;0.0
723;54;654;9;1;0;0;0;1;0;1.0;0.0;1.0;0.0;1.0;0.0;0.0;0.0;0.0;0.0
724;58;658;9;1;0;0;0;1;0;0.0;0.0;0.0;0.0;0.0;1.0;0.0;0.0;0.0;0.0
725;60;660;9;1;0;0;0;1;0;0.0;0.0;1.0;1.0;0.0;0.0;0.0;0.0;0.0;1.0
726;78;678;9;1;0;0;0;1;0;0.0;0.0;0.0;0.0;0.0;0.0;0.0;0.0;0.0;0.0
727;81;681;9;1;0;0;0;1;0;1.0;0.0;1.0;0.0;1.0;0.0;0.0;0.0;0.0;0.0
728;0;700;9;1;0;0;0;0;1;0.0;0.0;0.0;0.0;0.0;1.0;0.0;0.0;0.0;0.0
729;2;702;9;1;0;0;0;0;1;0.0;0.0;1.0;0.0;1.0;0.0;0.0;0.0;0.0;0.0
730;12;712;9;1;0;0;0;0;1;1.0;0.0;1.0;0.0;1.0;0.0;0.0;0.0;0.0;0.0
731;19;719;9;1;0;0;0;0;1;1.0;0.0;0.0;0.0;0.0;1.0;0.0;0.0;0.0;0.0
732;35;735;9;1;0;0;0;1;0;1.0;0.0;1.0;0.0;1.0;0.0;0.0;0.0;0.0;0.0
733;36;736;9;1;0;0;0;1;0;0.0;0.0;1.0;0.0;0.0;0.0;0.0;0.0;0.0;0.0
734;38;738;9;1;0;0;0;1;0;1.0;0.0;1.0;0.0;1.0;0.0;0.0;0.0;0.0;0.0
735;45;745;9;1;0;0;0;1;0;1.0;0.0;1.0;0.0;1.0;0.0;0.0;0.0;0.0;0.0
736;49;749;9;1;0;0;1;0;0;1.0;0.0;1.0;0.0;1.0;0.0;0.0;0.0;0.0;0.0
737;70;770;9;1;0;0;0;1;0;1.0;0.0;0.0;0.0;0.0;0.0;0.0;0.0;0.0;0.0
738;71;771;9;1;0;0;0;1;0;0.0;0.0;1.0;0.0;1.0;0.0;0.0;0.0;0.0;1.0
739;89;789;9;1;0;0;1;0;0;0.0;0.0;0.0;0.0;1.0;0.0;0.0;0.0;0.0;0.0
740;2;802;9;0;1;0;0;1;0;1.0;0.0;0.0;1.0;0.0;0.0;0.0;0.0;0.0;0.0
741;14;914;9;0;1;0;0;1;0;1.0;0.0;1.0;0.0;1.0;0.0;0.0;0.0;0.0;0.0
742;15;915;9;0;1;0;0;1;0;1.0;0.0;1.0;0.0;1.0;0.0;0.0;0.0;0.0;0.0
743;16;916;9;0;1;0;0;1;0;0.0;0.0;0.0;1.0;0.0;0.0;0.0;0.0;0.0;0.0
744;36;936;9;0;1;0;0;1;0;0.0;0.0;1.0;0.0;0.0;0.0;0.0;0.0;0.0;0.0
745;40;940;9;0;1;0;0;1;0;1.0;0.0;0.0;0.0;0.0;0.0;0.0;0.0;0.0;0.0
746;48;948;9;0;1;0;0;1;0;0.0;0.0;0.0;1.0;0.0;0.0;0.0;0.0;0.0;0.0
747;67;967;9;0;1;0;0;1;0;0.0;0.0;0.0;0.0;0.0;1.0;0.0;0.0;0.0;0.0
748;75;975;9;0;1;0;0;1;0;0.0;0.0;1.0;0.0;0.0;0.0;0.0;0.0;0.0;0.0
749;77;977;9;0;1;0;0;1;0;0.0;0.0;0.0;0.0;1.0;0.0;0.0;0.0;0.0;0.0
750;80;980;9;0;1;0;0;0;1;0.0;0.0;0.0;0.0;1.0;0.0;0.0;0.0;0.0;0.0
751;82;982;9;0;1;0;0;1;0;0.0;0.0;0.0;0.0;1.0;0.0;0.0;0.0;0.0;0.0
752;85;985;9;0;1;0;0;1;0;0.0;0.0;0.0;0.0;0.0;0.0;0.0;0.0;0.0;0.0
753;11;1011;9;0;1;0;0;1;0;0.0;0.0;0.0;0.0;0.0;0.0;0.0;0.0;0.0;0.0
754;22;1022;9;0;1;0;0;1;0;0.0;0.0;0.0;0.0;0.0;0.0;0.0;0.0;0.0;0.0
755;25;1025;9;0;1;0;0;0;1;0.0;0.0;0.0;0.0;0.0;0.0;0.0;0.0;0.0;0.0
756;26;1026;9;0;1;0;1;0;0;0.0;0.0;0.0;0.0;0.0;0.0;0.0;0.0;0.0;0.0
757;39;1039;9;0;1;0;0;0;1;0.0;0.0;0.0;0.0;0.0;0.0;0.0;0.0;0.0;0.0
758;76;1076;9;0;1;0;0;1;0;0.0;0.0;0.0;0.0;0.0;0.0;0.0;0.0;0.0;0.0
759;79;1079;9;0;1;0;1;0;0;0.0;0.0;0.0;0.0;0.0;0.0;0.0;0.0;0.0;0.0
760;81;1081;9;0;1;0;0;1;0;1.0;0.0;1.0;0.0;1.0;0.0;0.0;0.0;0.0;0.0
761;92;1092;9;0;1;0;0;0;1;0.0;0.0;0.0;0.0;0.0;0.0;0.0;0.0;0.0;0.0
762;95;1095;9;0;1;0;0;1;0;0.0;0.0;0.0;0.0;0.0;0.0;0.0;0.0;0.0;0.0
763;1;1101;9;0;1;0;0;1;0;1.0;0.0;1.0;0.0;1.0;0.0;0.0;0.0;0.0;0.0
764;2;1102;9;0;1;0;0;1;0;1.0;0.0;0.0;1.0;0.0;0.0;0.0;0.0;0.0;0.0
765;4;1104;9;0;1;0;0;0;1;1.0;0.0;0.0;0.0;0.0;0.0;0.0;0.0;0.0;0.0
766;26;1126;9;0;1;0;0;1;0;1.0;0.0;1.0;0.0;1.0;0.0;0.0;0.0;0.0;0.0
767;27;1127;9;0;1;0;0;0;1;1.0;0.0;1.0;0.0;1.0;0.0;0.0;0.0;0.0;0.0
768;30;1130;9;0;1;0;0;0;1;0.0;0.0;1.0;0.0;0.0;0.0;0.0;0.0;0.0;0.0
769;42;1142;9;0;1;0;0;1;0;0.0;0.0;0.0;0.0;1.0;0.0;0.0;0.0;0.0;0.0
770;53;1153;9;0;1;0;0;1;0;1.0;0.0;1.0;0.0;1.0;0.0;0.0;0.0;0.0;0.0
771;58;1158;9;0;1;0;0;1;0;0.0;0.0;0.0;0.0;0.0;0.0;0.0;0.0;0.0;0.0
772;59;1159;9;0;1;0;0;0;1;0.0;0.0;1.0;0.0;1.0;0.0;0.0;0.0;0.0;0.0
773;61;1161;9;0;1;0;0;1;0;1.0;0.0;1.0;0.0;1.0;0.0;0.0;0.0;0.0;0.0
774;62;1162;9;0;1;0;0;0;1;1.0;0.0;1.0;0.0;1.0;0.0;0.0;0.0;0.0;0.0
775;84;1184;9;0;1;0;0;1;0;0.0;0.0;0.0;0.0;0.0;0.0;0.0;0.0;0.0;0.0
776;85;1185;9;0;1;0;0;0;1;1.0;0.0;1.0;0.0;1.0;0.0;0.0;0.0;0.0;0.0
777;94;1194;9;0;1;0;0;1;0;1.0;0.0;1.0;0.0;1.0;0.0;0.0;0.0;0.0;0.0
778;96;1196;9;0;1;0;0;1;0;0.0;0.0;1.0;0.0;0.0;0.0;0.0;0.0;0.0;0.0
779;7;7;10;0;0;1;0;0;1;0.0;0.0;0.0;0.0;1.0;1.0;0.0;0.0;0.0;0.0
780;11;11;10;0;0;1;0;0;1;0.0;0.0;0.0;0.0;1.0;0.0;0.0;0.0;0.0;0.0
781;13;13;10;0;0;1;0;1;0;0.0;0.0;0.0;0.0;1.0;1.0;0.0;0.0;0.0;0.0
782;30;30;10;0;0;1;1;0;0;0.0;0.0;0.0;0.0;0.0;0.0;0.0;0.0;0.0;0.0
783;31;31;10;0;0;1;0;1;0;0.0;0.0;0.0;0.0;1.0;0.0;1.0;0.0;0.0;0.0
784;34;34;10;0;0;1;0;0;1;0.0;0.0;0.0;1.0;1.0;1.0;0.0;0.0;0.0;0.0
785;41;41;10;0;0;1;0;1;0;0.0;0.0;0.0;0.0;0.0;0.0;0.0;0.0;0.0;0.0
786;45;45;10;0;0;1;0;0;1;0.0;0.0;0.0;0.0;1.0;1.0;0.0;0.0;0.0;0.0
787;48;48;10;0;0;1;0;0;1;0.0;0.0;0.0;0.0;0.0;0.0;0.0;0.0;0.0;0.0
788;49;49;10;0;0;1;0;0;1;0.0;1.0;0.0;0.0;1.0;1.0;0.0;0.0;0.0;0.0
789;58;58;10;0;0;1;0;1;0;0.0;0.0;0.0;1.0;0.0;1.0;0.0;0.0;0.0;0.0
790;62;62;10;0;0;1;0;0;0;0.0;0.0;0.0;0.0;1.0;1.0;0.0;0.0;0.0;0.0
791;64;64;10;0;0;1;0;1;0;0.0;1.0;0.0;0.0;0.0;0.0;1.0;0.0;0.0;0.0
792;75;75;10;0;0;1;0;0;1;0.0;0.0;0.0;0.0;0.0;0.0;0.0;0.0;0.0;0.0
793;88;88;10;0;0;1;0;0;1;0.0;1.0;0.0;0.0;1.0;1.0;1.0;0.0;0.0;0.0
794;7;107;10;0;0;1;0;1;0;0.0;0.0;0.0;0.0;0.0;0.0;0.0;0.0;0.0;0.0
795;12;112;10;0;0;1;0;1;0;0.0;0.0;0.0;0.0;0.0;0.0;0.0;0.0;0.0;0.0
796;18;118;10;0;0;1;0;0;1;0.0;0.0;0.0;0.0;0.0;0.0;0.0;0.0;0.0;0.0
797;19;119;10;0;0;1;0;0;1;0.0;0.0;0.0;0.0;0.0;0.0;0.0;0.0;0.0;0.0
798;28;128;10;0;0;1;0;1;0;0.0;0.0;0.0;0.0;0.0;0.0;0.0;0.0;0.0;0.0
799;32;132;10;0;0;1;0;1;0;0.0;0.0;0.0;0.0;0.0;0.0;0.0;0.0;0.0;0.0
800;54;154;10;0;0;1;0;1;0;0.0;0.0;0.0;0.0;1.0;1.0;0.0;0.0;0.0;0.0
801;57;157;10;0;0;1;0;0;1;0.0;0.0;0.0;0.0;0.0;0.0;0.0;0.0;0.0;0.0
802;62;162;10;0;0;1;0;0;1;0.0;0.0;0.0;0.0;0.0;0.0;0.0;0.0;0.0;0.0
803;69;169;10;0;0;1;0;1;0;0.0;0.0;0.0;0.0;0.0;0.0;0.0;0.0;0.0;0.0
804;70;170;10;0;0;1;0;0;0;0.0;0.0;0.0;0.0;0.0;0.0;0.0;0.0;0.0;0.0
805;89;189;10;0;0;1;0;0;1;0.0;0.0;0.0;0.0;0.0;0.0;0.0;0.0;0.0;0.0
806;91;191;10;0;0;1;1;0;0;0.0;0.0;0.0;0.0;0.0;0.0;0.0;0.0;0.0;0.0
807;3;203;10;0;0;1;0;1;0;0.0;0.0;0.0;0.0;0.0;0.0;0.0;0.0;0.0;0.0
808;7;207;10;0;0;1;0;1;0;0.0;0.0;0.0;0.0;0.0;0.0;0.0;0.0;0.0;0.0
809;31;231;10;0;0;1;0;1;0;0.0;0.0;0.0;0.0;0.0;0.0;0.0;0.0;0.0;0.0
810;44;244;10;0;0;1;0;1;0;0.0;0.0;0.0;0.0;0.0;0.0;0.0;0.0;0.0;0.0
811;53;253;10;0;0;1;0;1;0;0.0;0.0;0.0;0.0;0.0;0.0;0.0;0.0;0.0;0.0
812;57;257;10;0;0;1;0;0;1;0.0;0.0;0.0;0.0;0.0;0.0;0.0;0.0;0.0;0.0
813;58;258;10;0;0;1;0;1;0;0.0;0.0;0.0;0.0;0.0;0.0;0.0;0.0;0.0;0.0
814;59;259;10;0;0;1;0;1;0;0.0;0.0;0.0;0.0;0.0;0.0;0.0;0.0;0.0;0.0
815;65;265;10;0;0;1;0;0;1;0.0;0.0;0.0;0.0;0.0;0.0;0.0;0.0;0.0;0.0
816;70;270;10;0;0;1;0;0;1;0.0;0.0;0.0;0.0;0.0;0.0;0.0;0.0;0.0;0.0
817;72;272;10;0;0;1;0;0;1;0.0;0.0;0.0;0.0;0.0;0.0;0.0;0.0;0.0;0.0
818;74;274;10;0;0;1;0;0;1;0.0;0.0;0.0;0.0;0.0;0.0;0.0;0.0;0.0;0.0
819;82;282;10;0;0;1;0;1;0;0.0;0.0;0.0;0.0;0.0;0.0;0.0;0.0;0.0;0.0
820;87;287;10;0;0;1;0;1;0;0.0;0.0;0.0;0.0;1.0;1.0;0.0;0.0;0.0;0.0
821;0;300;10;0;0;1;0;1;0;0.0;0.0;0.0;0.0;0.0;0.0;0.0;0.0;0.0;0.0
822;2;302;10;0;0;1;0;1;0;0.0;0.0;0.0;0.0;0.0;0.0;0.0;0.0;0.0;0.0
823;28;328;10;0;0;1;0;1;0;0.0;0.0;0.0;0.0;0.0;0.0;0.0;0.0;0.0;0.0
824;46;346;10;0;0;1;0;1;0;0.0;0.0;0.0;0.0;1.0;1.0;0.0;0.0;0.0;0.0
825;57;357;10;0;0;1;0;1;0;0.0;0.0;0.0;0.0;0.0;0.0;0.0;0.0;0.0;0.0
826;62;362;10;0;0;1;0;0;1;0.0;0.0;0.0;0.0;0.0;0.0;0.0;0.0;0.0;0.0
827;79;379;10;0;0;1;0;1;0;0.0;0.0;0.0;0.0;1.0;1.0;0.0;0.0;0.0;0.0
828;10;410;10;1;0;0;0;1;0;0.0;0.0;0.0;0.0;0.0;0.0;0.0;0.0;0.0;0.0
829;32;432;10;1;0;0;0;1;0;0.0;0.0;0.0;0.0;0.0;0.0;0.0;0.0;0.0;0.0
830;35;435;10;1;0;0;0;1;0;0.0;0.0;0.0;0.0;0.0;0.0;0.0;0.0;0.0;0.0
831;44;444;10;1;0;0;0;0;1;0.0;0.0;0.0;0.0;0.0;0.0;0.0;0.0;0.0;0.0
832;45;445;10;1;0;0;0;1;0;0.0;0.0;0.0;0.0;0.0;0.0;0.0;0.0;0.0;0.0
833;53;453;10;1;0;0;0;1;0;0.0;0.0;0.0;0.0;0.0;0.0;0.0;0.0;0.0;0.0
834;81;481;10;1;0;0;0;0;1;0.0;0.0;0.0;0.0;0.0;0.0;0.0;0.0;0.0;0.0
835;98;498;10;1;0;0;0;0;1;0.0;0.0;0.0;0.0;0.0;0.0;0.0;0.0;0.0;0.0
836;71;571;10;1;0;0;0;0;1;0.0;0.0;0.0;0.0;0.0;0.0;0.0;0.0;0.0;0.0
837;89;589;10;1;0;0;0;0;1;0.0;0.0;0.0;0.0;0.0;0.0;0.0;0.0;0.0;0.0
838;91;591;10;1;0;0;0;0;1;0.0;0.0;0.0;0.0;0.0;0.0;0.0;0.0;0.0;0.0
839;18;618;10;1;0;0;1;0;0;0.0;0.0;0.0;0.0;1.0;1.0;0.0;0.0;0.0;0.0
840;29;629;10;1;0;0;0;1;0;0.0;0.0;0.0;1.0;0.0;1.0;0.0;0.0;0.0;0.0
841;44;644;10;1;0;0;0;0;1;0.0;0.0;0.0;0.0;0.0;0.0;0.0;0.0;0.0;0.0
842;51;651;10;1;0;0;0;1;0;0.0;0.0;0.0;0.0;1.0;1.0;0.0;0.0;0.0;0.0
843;71;671;10;1;0;0;0;0;1;0.0;0.0;0.0;0.0;1.0;1.0;0.0;0.0;0.0;0.0
844;91;691;10;1;0;0;0;1;0;0.0;0.0;0.0;0.0;0.0;0.0;0.0;0.0;0.0;0.0
845;22;722;10;1;0;0;0;0;1;0.0;0.0;0.0;1.0;0.0;0.0;0.0;0.0;0.0;0.0
846;39;739;10;1;0;0;0;0;1;0.0;0.0;0.0;0.0;1.0;1.0;0.0;0.0;0.0;0.0
847;77;777;10;1;0;0;0;1;0;1.0;1.0;0.0;0.0;1.0;0.0;1.0;0.0;0.0;0.0
848;5;805;10;0;1;0;0;1;0;0.0;0.0;0.0;0.0;0.0;0.0;0.0;0.0;0.0;0.0
849;19;819;10;0;1;0;0;1;0;0.0;1.0;0.0;0.0;1.0;1.0;1.0;0.0;0.0;0.0
850;31;831;10;0;1;0;1;0;0;0.0;0.0;0.0;0.0;1.0;0.0;0.0;0.0;0.0;0.0
851;36;836;10;0;1;0;0;0;1;0.0;0.0;0.0;1.0;1.0;1.0;1.0;0.0;0.0;0.0
852;44;844;10;0;1;0;1;0;0;0.0;1.0;0.0;0.0;1.0;1.0;1.0;0.0;0.0;0.0
853;61;861;10;0;1;0;1;0;0;0.0;0.0;0.0;0.0;0.0;1.0;0.0;0.0;0.0;0.0
854;67;867;10;0;1;0;0;0;1;0.0;0.0;0.0;0.0;0.0;0.0;0.0;0.0;0.0;0.0
855;73;873;10;0;1;0;0;1;0;0.0;0.0;0.0;0.0;1.0;0.0;0.0;0.0;0.0;0.0
856;76;876;10;0;1;0;0;0;1;0.0;0.0;0.0;0.0;1.0;1.0;0.0;0.0;0.0;0.0
857;78;878;10;0;1;0;0;1;0;1.0;0.0;0.0;1.0;0.0;0.0;0.0;0.0;0.0;0.0
858;83;883;10;0;1;0;0;0;1;1.0;0.0;0.0;1.0;0.0;0.0;0.0;0.0;0.0;0.0
859;6;906;10;0;1;0;0;1;0;0.0;0.0;0.0;0.0;0.0;1.0;1.0;0.0;0.0;0.0
860;25;925;10;0;1;0;0;1;0;0.0;0.0;0.0;0.0;1.0;1.0;0.0;0.0;0.0;0.0
861;31;931;10;0;1;0;0;0;1;0.0;0.0;0.0;1.0;1.0;1.0;1.0;0.0;0.0;0.0
862;35;935;10;0;1;0;0;1;0;0.0;0.0;0.0;0.0;1.0;1.0;0.0;0.0;0.0;0.0
863;50;950;10;0;1;0;0;1;0;0.0;0.0;0.0;0.0;1.0;1.0;0.0;0.0;0.0;0.0
864;57;957;10;0;1;0;0;1;0;0.0;0.0;0.0;0.0;1.0;0.0;0.0;0.0;0.0;0.0
865;78;978;10;0;1;0;0;0;1;1.0;1.0;0.0;1.0;1.0;1.0;1.0;0.0;0.0;0.0
866;83;983;10;0;1;0;0;1;0;0.0;0.0;0.0;0.0;0.0;0.0;0.0;0.0;0.0;0.0
867;5;1005;10;0;1;0;0;1;0;0.0;0.0;0.0;0.0;0.0;0.0;0.0;0.0;0.0;0.0
868;9;1009;10;0;1;0;0;1;0;0.0;0.0;0.0;0.0;0.0;0.0;0.0;0.0;0.0;0.0
869;20;1020;10;0;1;0;0;1;0;0.0;0.0;0.0;0.0;0.0;0.0;0.0;0.0;0.0;0.0
870;21;1021;10;0;1;0;0;0;1;0.0;0.0;0.0;0.0;0.0;0.0;0.0;0.0;0.0;0.0
871;24;1024;10;0;1;0;0;1;0;0.0;0.0;0.0;0.0;0.0;0.0;0.0;0.0;0.0;0.0
872;29;1029;10;0;1;0;0;0;1;0.0;0.0;0.0;0.0;0.0;0.0;0.0;0.0;0.0;0.0
873;31;1031;10;0;1;0;0;0;1;0.0;0.0;0.0;0.0;0.0;0.0;0.0;0.0;0.0;0.0
874;43;1043;10;0;1;0;0;1;0;0.0;0.0;0.0;0.0;0.0;0.0;0.0;0.0;0.0;0.0
875;51;1051;10;0;1;0;1;0;0;0.0;0.0;0.0;0.0;0.0;0.0;0.0;0.0;0.0;0.0
876;57;1057;10;0;1;0;0;1;0;0.0;0.0;0.0;0.0;0.0;0.0;0.0;0.0;0.0;0.0
877;59;1059;10;0;1;0;0;0;1;0.0;0.0;0.0;0.0;0.0;0.0;0.0;0.0;0.0;0.0
878;62;1062;10;0;1;0;0;1;0;0.0;0.0;0.0;0.0;0.0;0.0;0.0;0.0;0.0;0.0
879;68;1068;10;0;1;0;0;1;0;0.0;0.0;0.0;0.0;0.0;0.0;0.0;0.0;0.0;0.0
880;98;1098;10;0;1;0;0;0;1;0.0;0.0;0.0;0.0;0.0;0.0;0.0;0.0;0.0;0.0
881;9;1109;10;0;1;0;0;0;1;0.0;0.0;0.0;0.0;1.0;0.0;0.0;0.0;0.0;0.0
882;20;1120;10;0;1;0;0;1;0;0.0;0.0;0.0;1.0;1.0;0.0;0.0;0.0;0.0;0.0
883;0;0;11;0;0;1;0;0;1;0.0;1.0;0.0;0.0;1.0;1.0;1.0;0.0;0.0;1.0
884;1;1;11;0;0;1;1;0;0;0.0;0.0;0.0;0.0;0.0;0.0;0.0;0.0;0.0;1.0
885;10;10;11;0;0;1;0;1;0;0.0;0.0;0.0;0.0;0.0;0.0;0.0;0.0;0.0;0.0
886;21;21;11;0;0;1;0;1;0;0.0;0.0;0.0;0.0;0.0;0.0;0.0;0.0;0.0;1.0
887;22;22;11;0;0;1;0;1;0;0.0;0.0;0.0;1.0;1.0;0.0;0.0;0.0;0.0;0.0
888;24;24;11;0;0;1;0;1;0;1.0;1.0;0.0;1.0;1.0;1.0;1.0;0.0;0.0;0.0
889;26;26;11;0;0;1;1;0;0;0.0;0.0;0.0;0.0;0.0;0.0;0.0;0.0;0.0;1.0
890;28;28;11;0;0;1;0;0;1;0.0;1.0;0.0;0.0;1.0;1.0;1.0;0.0;0.0;1.0
891;42;42;11;0;0;1;0;0;1;0.0;0.0;0.0;0.0;0.0;0.0;0.0;0.0;0.0;0.0
892;43;43;11;0;0;1;0;0;1;1.0;0.0;1.0;0.0;1.0;0.0;0.0;0.0;0.0;1.0
893;44;44;11;0;0;1;0;1;0;0.0;1.0;0.0;0.0;0.0;1.0;1.0;0.0;0.0;0.0
894;60;60;11;0;0;1;0;1;0;0.0;0.0;0.0;0.0;0.0;0.0;0.0;0.0;0.0;0.0
895;61;61;11;0;0;1;0;1;0;0.0;0.0;0.0;1.0;0.0;1.0;0.0;0.0;0.0;0.0
896;68;68;11;0;0;1;0;0;1;0.0;1.0;0.0;0.0;0.0;0.0;1.0;0.0;0.0;1.0
897;71;71;11;0;0;1;0;0;1;0.0;1.0;0.0;0.0;1.0;0.0;0.0;0.0;0.0;1.0
898;73;73;11;0;0;1;0;0;1;0.0;1.0;0.0;1.0;0.0;1.0;1.0;0.0;0.0;0.0
899;74;74;11;0;0;1;0;0;1;0.0;1.0;0.0;0.0;1.0;1.0;1.0;0.0;0.0;1.0
900;78;78;11;0;0;1;0;1;0;0.0;0.0;0.0;0.0;0.0;1.0;0.0;0.0;0.0;0.0
901;79;79;11;0;0;1;0;1;0;0.0;0.0;0.0;0.0;0.0;0.0;0.0;0.0;0.0;1.0
902;80;80;11;0;0;1;0;1;0;0.0;0.0;0.0;0.0;0.0;1.0;0.0;0.0;0.0;0.0
903;81;81;11;0;0;1;0;1;0;0.0;0.0;0.0;0.0;0.0;0.0;0.0;0.0;0.0;0.0
904;83;83;11;0;0;1;0;0;1;0.0;0.0;0.0;1.0;0.0;0.0;0.0;0.0;0.0;1.0
905;87;87;11;0;0;1;0;0;1;0.0;1.0;0.0;0.0;1.0;1.0;0.0;0.0;0.0;0.0
906;94;94;11;0;0;1;0;1;0;0.0;0.0;0.0;0.0;1.0;0.0;0.0;0.0;0.0;1.0
907;96;96;11;0;0;1;0;1;0;0.0;0.0;0.0;1.0;1.0;0.0;0.0;0.0;0.0;0.0
908;99;99;11;0;0;1;0;0;1;0.0;1.0;0.0;0.0;0.0;1.0;0.0;0.0;0.0;0.0
909;6;106;11;0;0;1;0;1;0;0.0;0.0;0.0;0.0;0.0;0.0;0.0;0.0;0.0;0.0
910;8;108;11;0;0;1;0;1;0;0.0;0.0;0.0;0.0;0.0;0.0;0.0;0.0;0.0;0.0
911;13;113;11;0;0;1;0;1;0;0.0;0.0;0.0;0.0;0.0;0.0;0.0;0.0;0.0;0.0
912;17;117;11;0;0;1;0;1;0;0.0;0.0;0.0;0.0;0.0;0.0;0.0;0.0;0.0;0.0
913;22;122;11;0;0;1;0;1;0;0.0;0.0;0.0;0.0;0.0;0.0;0.0;0.0;0.0;0.0
914;26;126;11;0;0;1;1;0;0;0.0;1.0;0.0;0.0;1.0;1.0;1.0;0.0;0.0;1.0
915;36;136;11;0;0;1;0;0;1;0.0;0.0;0.0;0.0;0.0;0.0;0.0;0.0;0.0;0.0
916;37;137;11;0;0;1;0;1;0;0.0;0.0;0.0;0.0;0.0;0.0;0.0;0.0;0.0;0.0
917;38;138;11;0;0;1;0;1;0;0.0;0.0;0.0;0.0;0.0;0.0;0.0;0.0;0.0;0.0
918;39;139;11;0;0;1;0;0;1;0.0;1.0;0.0;0.0;1.0;1.0;1.0;0.0;0.0;1.0
919;43;143;11;0;0;1;0;1;0;0.0;0.0;0.0;0.0;0.0;0.0;0.0;0.0;0.0;0.0
920;53;153;11;0;0;1;0;1;0;0.0;0.0;0.0;0.0;0.0;0.0;0.0;0.0;0.0;0.0
921;56;156;11;0;0;1;0;1;0;0.0;0.0;0.0;0.0;0.0;0.0;0.0;0.0;0.0;0.0
922;59;159;11;0;0;1;0;1;0;0.0;0.0;0.0;0.0;0.0;0.0;0.0;0.0;0.0;0.0
923;61;161;11;0;0;1;0;1;0;0.0;0.0;0.0;0.0;0.0;0.0;0.0;0.0;0.0;0.0
924;85;185;11;0;0;1;0;1;0;0.0;0.0;0.0;0.0;0.0;0.0;0.0;0.0;0.0;0.0
925;90;190;11;0;0;1;0;1;0;0.0;0.0;0.0;0.0;0.0;0.0;0.0;0.0;0.0;0.0
926;92;192;11;0;0;1;0;1;0;0.0;0.0;0.0;0.0;0.0;0.0;0.0;0.0;0.0;0.0
927;6;206;11;0;0;1;0;1;0;0.0;0.0;0.0;0.0;0.0;0.0;0.0;0.0;0.0;0.0
928;8;208;11;0;0;1;0;1;0;0.0;0.0;0.0;0.0;0.0;0.0;0.0;0.0;0.0;0.0
929;9;209;11;0;0;1;0;1;0;0.0;0.0;0.0;0.0;0.0;0.0;0.0;0.0;0.0;0.0
930;14;214;11;0;0;1;0;1;0;0.0;0.0;0.0;0.0;0.0;0.0;0.0;0.0;0.0;0.0
931;18;218;11;0;0;1;0;1;0;0.0;0.0;0.0;0.0;0.0;0.0;0.0;0.0;0.0;0.0
932;21;221;11;0;0;1;0;1;0;0.0;0.0;0.0;0.0;0.0;0.0;0.0;0.0;0.0;0.0
933;24;224;11;0;0;1;0;1;0;0.0;0.0;0.0;0.0;0.0;0.0;0.0;0.0;0.0;0.0
934;26;226;11;0;0;1;0;0;1;0.0;0.0;0.0;0.0;0.0;0.0;0.0;0.0;0.0;0.0
935;27;227;11;0;0;1;0;0;1;0.0;0.0;0.0;0.0;0.0;0.0;0.0;0.0;0.0;0.0
936;29;229;11;0;0;1;0;1;0;0.0;0.0;0.0;0.0;0.0;0.0;0.0;0.0;0.0;0.0
937;35;235;11;0;0;1;0;1;0;0.0;0.0;0.0;0.0;0.0;0.0;0.0;0.0;0.0;0.0
938;41;241;11;0;0;1;0;1;0;0.0;1.0;0.0;0.0;1.0;1.0;1.0;0.0;0.0;1.0
939;48;248;11;0;0;1;0;1;0;0.0;0.0;0.0;0.0;0.0;0.0;0.0;0.0;0.0;0.0
940;51;251;11;0;0;1;0;0;1;0.0;0.0;0.0;0.0;0.0;0.0;0.0;0.0;0.0;0.0
941;54;254;11;0;0;1;0;1;0;0.0;0.0;0.0;0.0;0.0;0.0;0.0;0.0;0.0;0.0
942;64;264;11;0;0;1;0;1;0;0.0;0.0;0.0;0.0;0.0;0.0;0.0;0.0;0.0;0.0
943;66;266;11;0;0;1;0;1;0;0.0;0.0;0.0;0.0;0.0;0.0;0.0;0.0;0.0;0.0
944;71;271;11;0;0;1;0;1;0;0.0;0.0;0.0;0.0;0.0;0.0;0.0;0.0;0.0;0.0
945;76;276;11;0;0;1;0;1;0;0.0;0.0;0.0;0.0;0.0;0.0;0.0;0.0;0.0;0.0
946;83;283;11;0;0;1;0;1;0;0.0;0.0;0.0;0.0;0.0;0.0;0.0;0.0;0.0;0.0
947;90;290;11;0;0;1;0;1;0;0.0;0.0;0.0;0.0;0.0;0.0;0.0;0.0;0.0;0.0
948;91;291;11;0;0;1;0;0;1;0.0;0.0;0.0;0.0;0.0;0.0;0.0;0.0;0.0;0.0
949;92;292;11;0;0;1;0;0;1;0.0;0.0;0.0;0.0;0.0;0.0;0.0;0.0;0.0;0.0
950;93;293;11;0;0;1;0;0;1;0.0;0.0;0.0;0.0;0.0;0.0;0.0;0.0;0.0;0.0
951;94;294;11;0;0;1;0;1;0;0.0;0.0;0.0;0.0;0.0;0.0;0.0;0.0;0.0;0.0
952;99;299;11;0;0;1;0;0;1;0.0;0.0;0.0;0.0;0.0;0.0;0.0;0.0;0.0;0.0
953;1;301;11;0;0;1;0;1;0;0.0;0.0;0.0;0.0;0.0;0.0;0.0;0.0;0.0;0.0
954;5;305;11;0;0;1;0;1;0;0.0;0.0;0.0;0.0;0.0;0.0;0.0;0.0;0.0;0.0
955;7;307;11;0;0;1;0;1;0;0.0;0.0;0.0;0.0;0.0;0.0;0.0;0.0;0.0;0.0
956;9;309;11;0;0;1;0;1;0;0.0;0.0;0.0;0.0;0.0;0.0;0.0;0.0;0.0;0.0
957;10;310;11;0;0;1;0;0;1;0.0;0.0;0.0;0.0;0.0;0.0;0.0;0.0;0.0;0.0
958;12;312;11;0;0;1;0;0;1;0.0;0.0;0.0;0.0;0.0;0.0;0.0;0.0;0.0;0.0
959;14;314;11;0;0;1;0;1;0;0.0;1.0;0.0;0.0;1.0;1.0;1.0;0.0;0.0;1.0
960;21;321;11;0;0;1;0;0;1;0.0;0.0;0.0;0.0;0.0;0.0;0.0;0.0;0.0;0.0
961;24;324;11;0;0;1;0;1;0;0.0;0.0;0.0;0.0;0.0;0.0;0.0;0.0;0.0;0.0
962;26;326;11;0;0;1;0;1;0;0.0;0.0;0.0;0.0;0.0;0.0;0.0;0.0;0.0;0.0
963;30;330;11;0;0;1;0;0;1;0.0;0.0;0.0;0.0;0.0;0.0;0.0;0.0;0.0;0.0
964;31;331;11;0;0;1;0;0;1;0.0;0.0;0.0;0.0;0.0;0.0;0.0;0.0;0.0;0.0
965;32;332;11;0;0;1;0;0;1;0.0;1.0;0.0;0.0;1.0;1.0;1.0;0.0;0.0;1.0
966;35;335;11;0;0;1;0;0;1;0.0;0.0;0.0;0.0;0.0;0.0;0.0;0.0;0.0;0.0
967;38;338;11;0;0;1;0;1;0;0.0;0.0;0.0;0.0;0.0;0.0;0.0;0.0;0.0;0.0
968;40;340;11;0;0;1;0;1;0;0.0;0.0;0.0;0.0;0.0;0.0;0.0;0.0;0.0;0.0
969;41;341;11;0;0;1;0;0;1;0.0;0.0;0.0;0.0;0.0;0.0;0.0;0.0;0.0;0.0
970;44;344;11;0;0;1;0;1;0;0.0;0.0;0.0;0.0;0.0;0.0;0.0;0.0;0.0;0.0
971;45;345;11;0;0;1;0;1;0;0.0;0.0;0.0;0.0;0.0;0.0;0.0;0.0;0.0;0.0
972;53;353;11;0;0;1;0;1;0;0.0;0.0;0.0;0.0;0.0;0.0;0.0;0.0;0.0;0.0
973;55;355;11;0;0;1;0;0;1;0.0;0.0;0.0;0.0;0.0;0.0;0.0;0.0;0.0;0.0
974;56;356;11;0;0;1;0;0;1;0.0;0.0;0.0;0.0;0.0;0.0;0.0;0.0;0.0;0.0
975;58;358;11;0;0;1;0;1;0;0.0;1.0;0.0;0.0;1.0;1.0;1.0;0.0;0.0;1.0
976;67;367;11;0;0;1;0;1;0;0.0;0.0;0.0;0.0;0.0;0.0;0.0;0.0;0.0;0.0
977;72;372;11;0;0;1;0;0;1;0.0;0.0;0.0;0.0;0.0;0.0;0.0;0.0;0.0;0.0
978;74;374;11;0;0;1;0;0;1;0.0;0.0;0.0;0.0;0.0;0.0;0.0;0.0;0.0;0.0
979;75;375;11;0;0;1;0;0;1;0.0;0.0;0.0;0.0;0.0;0.0;0.0;0.0;0.0;0.0
980;78;378;11;0;0;1;0;0;1;0.0;0.0;0.0;0.0;0.0;0.0;0.0;0.0;0.0;0.0
981;86;386;11;0;0;1;0;1;0;0.0;0.0;0.0;0.0;0.0;0.0;0.0;0.0;0.0;0.0
982;91;391;11;0;0;1;0;1;0;0.0;0.0;0.0;0.0;0.0;0.0;0.0;0.0;0.0;0.0
983;92;392;11;0;0;1;0;1;0;0.0;0.0;0.0;0.0;0.0;0.0;0.0;0.0;0.0;0.0
984;94;394;11;0;0;1;0;1;0;0.0;0.0;0.0;0.0;0.0;0.0;0.0;0.0;0.0;0.0
985;96;396;11;0;0;1;0;1;0;0.0;1.0;0.0;0.0;1.0;1.0;1.0;0.0;0.0;1.0
986;97;397;11;0;0;1;0;0;1;0.0;0.0;0.0;0.0;0.0;0.0;0.0;0.0;0.0;0.0
987;99;399;11;0;0;1;0;1;0;0.0;0.0;0.0;0.0;0.0;0.0;0.0;0.0;0.0;0.0
988;0;400;11;1;0;0;1;0;0;0.0;0.0;0.0;0.0;0.0;0.0;0.0;0.0;0.0;0.0
989;1;401;11;1;0;0;0;1;0;0.0;0.0;0.0;0.0;0.0;0.0;0.0;0.0;0.0;0.0
990;5;405;11;1;0;0;0;1;0;0.0;0.0;0.0;0.0;0.0;0.0;0.0;0.0;0.0;0.0
991;11;411;11;1;0;0;0;1;0;0.0;0.0;0.0;0.0;0.0;0.0;0.0;0.0;0.0;0.0
992;14;414;11;1;0;0;0;1;0;0.0;0.0;0.0;0.0;0.0;0.0;0.0;0.0;0.0;0.0
993;15;415;11;1;0;0;0;1;0;0.0;0.0;0.0;0.0;0.0;0.0;0.0;0.0;0.0;0.0
994;19;419;11;1;0;0;0;0;1;0.0;0.0;0.0;0.0;0.0;0.0;0.0;0.0;0.0;0.0
995;22;422;11;1;0;0;0;0;1;0.0;0.0;0.0;0.0;0.0;0.0;0.0;0.0;0.0;0.0
996;24;424;11;1;0;0;0;1;0;0.0;0.0;0.0;0.0;0.0;0.0;0.0;0.0;0.0;0.0
997;33;433;11;1;0;0;0;1;0;0.0;0.0;0.0;0.0;0.0;0.0;0.0;0.0;0.0;0.0
998;47;447;11;1;0;0;0;1;0;0.0;0.0;0.0;0.0;0.0;0.0;0.0;0.0;0.0;0.0
999;56;456;11;1;0;0;0;1;0;0.0;0.0;0.0;0.0;0.0;0.0;0.0;0.0;0.0;0.0
1000;58;458;11;1;0;0;0;1;0;0.0;0.0;0.0;0.0;0.0;0.0;0.0;0.0;0.0;0.0
1001;72;472;11;1;0;0;0;0;1;0.0;0.0;0.0;0.0;0.0;0.0;0.0;0.0;0.0;0.0
1002;79;479;11;1;0;0;0;1;0;0.0;0.0;0.0;0.0;0.0;0.0;0.0;0.0;0.0;0.0
1003;85;485;11;1;0;0;0;0;1;0.0;0.0;0.0;0.0;0.0;0.0;0.0;0.0;0.0;0.0
1004;86;486;11;1;0;0;0;1;0;0.0;0.0;0.0;0.0;0.0;0.0;0.0;0.0;0.0;0.0
1005;95;495;11;1;0;0;0;0;1;0.0;0.0;0.0;0.0;0.0;0.0;0.0;0.0;0.0;0.0
1006;99;499;11;1;0;0;0;0;1;0.0;0.0;0.0;0.0;0.0;0.0;0.0;0.0;0.0;0.0
1007;4;504;11;1;0;0;0;1;0;0.0;0.0;0.0;0.0;0.0;0.0;0.0;0.0;0.0;0.0
1008;6;506;11;1;0;0;0;1;0;0.0;1.0;0.0;0.0;1.0;1.0;1.0;0.0;0.0;1.0
1009;11;511;11;1;0;0;0;1;0;0.0;0.0;0.0;0.0;0.0;0.0;0.0;0.0;0.0;0.0
1010;15;515;11;1;0;0;0;1;0;0.0;0.0;0.0;0.0;0.0;0.0;0.0;0.0;0.0;0.0
1011;18;518;11;1;0;0;0;0;1;0.0;0.0;0.0;0.0;0.0;0.0;0.0;0.0;0.0;0.0
1012;34;534;11;1;0;0;0;1;0;0.0;0.0;0.0;0.0;0.0;0.0;0.0;0.0;0.0;0.0
1013;44;544;11;1;0;0;0;1;0;0.0;0.0;0.0;0.0;0.0;0.0;0.0;0.0;0.0;0.0
1014;46;546;11;1;0;0;0;0;1;0.0;0.0;0.0;0.0;0.0;0.0;0.0;0.0;0.0;0.0
1015;47;547;11;1;0;0;0;1;0;0.0;0.0;0.0;0.0;0.0;0.0;0.0;0.0;0.0;0.0
1016;52;552;11;1;0;0;0;0;1;0.0;0.0;0.0;0.0;0.0;0.0;0.0;0.0;0.0;0.0
1017;54;554;11;1;0;0;0;0;1;0.0;0.0;0.0;0.0;0.0;0.0;0.0;0.0;0.0;0.0
1018;56;556;11;1;0;0;0;1;0;0.0;0.0;0.0;0.0;0.0;0.0;0.0;0.0;0.0;0.0
1019;58;558;11;1;0;0;1;0;0;0.0;0.0;0.0;0.0;0.0;0.0;0.0;0.0;0.0;0.0
1020;60;560;11;1;0;0;0;1;0;0.0;0.0;0.0;0.0;0.0;0.0;0.0;0.0;0.0;0.0
1021;73;573;11;1;0;0;0;1;0;0.0;0.0;0.0;0.0;0.0;0.0;0.0;0.0;0.0;0.0
1022;74;574;11;1;0;0;0;1;0;0.0;0.0;0.0;0.0;0.0;0.0;0.0;0.0;0.0;0.0
1023;82;582;11;1;0;0;0;1;0;0.0;0.0;0.0;0.0;0.0;0.0;0.0;0.0;0.0;0.0
1024;83;583;11;1;0;0;0;1;0;0.0;1.0;0.0;0.0;1.0;1.0;1.0;0.0;0.0;1.0
1025;0;600;11;1;0;0;0;1;0;0.0;0.0;0.0;0.0;0.0;0.0;0.0;0.0;0.0;1.0
1026;3;603;11;1;0;0;0;1;0;0.0;1.0;0.0;0.0;1.0;0.0;0.0;0.0;0.0;1.0
1027;5;605;11;1;0;0;0;1;0;0.0;0.0;0.0;0.0;1.0;0.0;1.0;0.0;0.0;0.0
1028;9;609;11;1;0;0;0;1;0;0.0;1.0;0.0;0.0;0.0;1.0;0.0;0.0;0.0;0.0
1029;11;611;11;1;0;0;0;1;0;0.0;1.0;0.0;0.0;0.0;0.0;1.0;0.0;0.0;1.0
1030;17;617;11;1;0;0;0;1;0;0.0;0.0;0.0;0.0;1.0;0.0;0.0;0.0;0.0;1.0
1031;32;632;11;1;0;0;0;1;0;0.0;0.0;0.0;1.0;0.0;1.0;0.0;0.0;0.0;0.0
1032;39;639;11;1;0;0;0;1;0;0.0;0.0;0.0;0.0;1.0;0.0;0.0;0.0;0.0;1.0
1033;52;652;11;1;0;0;0;1;0;0.0;1.0;0.0;0.0;1.0;1.0;1.0;0.0;0.0;1.0
1034;62;662;11;1;0;0;0;1;0;0.0;1.0;0.0;0.0;0.0;0.0;1.0;0.0;0.0;0.0
1035;64;664;11;1;0;0;0;0;1;0.0;0.0;0.0;1.0;0.0;1.0;0.0;0.0;0.0;0.0
1036;65;665;11;1;0;0;0;1;0;0.0;1.0;0.0;0.0;1.0;1.0;1.0;0.0;0.0;1.0
1037;75;675;11;1;0;0;0;0;0;0.0;1.0;0.0;0.0;1.0;1.0;1.0;0.0;0.0;1.0
1038;76;676;11;1;0;0;0;0;1;0.0;0.0;0.0;0.0;0.0;0.0;0.0;0.0;0.0;1.0
1039;92;692;11;1;0;0;0;1;0;0.0;1.0;0.0;0.0;0.0;0.0;1.0;0.0;0.0;1.0
1040;99;699;11;1;0;0;0;1;0;0.0;0.0;0.0;0.0;0.0;0.0;0.0;0.0;0.0;1.0
1041;4;704;11;1;0;0;0;1;0;0.0;0.0;0.0;0.0;0.0;1.0;0.0;0.0;0.0;0.0
1042;5;705;11;1;0;0;1;0;0;0.0;0.0;0.0;0.0;0.0;1.0;0.0;0.0;0.0;0.0
1043;7;707;11;1;0;0;0;1;0;0.0;0.0;0.0;0.0;0.0;0.0;0.0;0.0;0.0;1.0
1044;13;713;11;1;0;0;0;1;0;0.0;1.0;0.0;0.0;1.0;0.0;1.0;0.0;0.0;1.0
1045;15;715;11;1;0;0;0;0;1;0.0;1.0;0.0;0.0;1.0;1.0;1.0;0.0;0.0;1.0
1046;40;740;11;1;0;0;0;1;0;0.0;0.0;0.0;0.0;1.0;0.0;0.0;0.0;0.0;0.0
1047;42;742;11;1;0;0;0;1;0;0.0;0.0;0.0;0.0;1.0;0.0;0.0;0.0;0.0;1.0
1048;50;750;11;1;0;0;0;1;0;0.0;0.0;0.0;0.0;1.0;1.0;0.0;0.0;0.0;0.0
1049;51;751;11;1;0;0;0;0;1;0.0;1.0;0.0;0.0;0.0;1.0;1.0;0.0;0.0;0.0
1050;55;755;11;1;0;0;0;0;1;0.0;1.0;0.0;0.0;1.0;1.0;1.0;0.0;0.0;0.0
1051;62;762;11;1;0;0;0;1;0;0.0;1.0;1.0;0.0;1.0;0.0;1.0;0.0;0.0;1.0
1052;67;767;11;1;0;0;0;1;0;0.0;1.0;0.0;0.0;1.0;1.0;1.0;0.0;0.0;1.0
1053;79;779;11;1;0;0;0;0;1;0.0;0.0;0.0;0.0;0.0;0.0;0.0;0.0;0.0;0.0
1054;92;792;11;1;0;0;0;1;0;0.0;1.0;0.0;0.0;1.0;1.0;0.0;0.0;0.0;0.0
1055;95;795;11;1;0;0;0;0;1;0.0;0.0;0.0;1.0;1.0;0.0;0.0;0.0;0.0;1.0
1056;3;803;11;0;1;0;0;1;0;0.0;1.0;0.0;1.0;1.0;0.0;0.0;0.0;0.0;0.0
1057;7;807;11;0;1;0;1;0;0;0.0;0.0;0.0;0.0;0.0;0.0;0.0;0.0;0.0;0.0
1058;8;808;11;0;1;0;0;1;0;0.0;1.0;0.0;0.0;1.0;1.0;1.0;0.0;0.0;1.0
1059;9;809;11;0;1;0;0;0;1;0.0;0.0;0.0;0.0;0.0;0.0;0.0;0.0;0.0;0.0
1060;11;811;11;0;1;0;0;1;0;1.0;1.0;0.0;0.0;1.0;1.0;1.0;0.0;0.0;0.0
1061;18;818;11;0;1;0;0;1;0;0.0;0.0;0.0;0.0;0.0;0.0;1.0;0.0;0.0;0.0
1062;20;820;11;0;1;0;0;1;0;0.0;1.0;0.0;0.0;0.0;1.0;1.0;0.0;0.0;0.0
1063;21;821;11;0;1;0;0;0;1;0.0;1.0;0.0;0.0;1.0;1.0;0.0;0.0;0.0;0.0
1064;29;829;11;0;1;0;0;0;1;0.0;0.0;0.0;1.0;0.0;0.0;0.0;0.0;0.0;1.0
1065;30;830;11;0;1;0;0;0;1;0.0;0.0;1.0;1.0;0.0;0.0;0.0;0.0;0.0;1.0
1066;32;832;11;0;1;0;0;0;1;0.0;0.0;0.0;0.0;0.0;0.0;0.0;0.0;0.0;0.0
1067;34;834;11;0;1;0;0;0;1;0.0;1.0;0.0;0.0;1.0;1.0;1.0;0.0;0.0;1.0
1068;35;835;11;0;1;0;0;1;0;0.0;0.0;0.0;0.0;1.0;0.0;0.0;0.0;0.0;1.0
1069;38;838;11;0;1;0;0;1;0;1.0;0.0;0.0;1.0;0.0;0.0;0.0;0.0;0.0;0.0
1070;41;841;11;0;1;0;0;1;0;0.0;0.0;0.0;0.0;0.0;1.0;0.0;0.0;0.0;0.0
1071;43;843;11;0;1;0;0;1;0;0.0;1.0;0.0;0.0;1.0;1.0;1.0;0.0;0.0;1.0
1072;47;847;11;0;1;0;0;1;0;0.0;0.0;0.0;0.0;0.0;0.0;0.0;0.0;0.0;1.0
1073;48;848;11;0;1;0;0;0;1;0.0;0.0;1.0;0.0;0.0;0.0;0.0;0.0;0.0;1.0
1074;50;850;11;0;1;0;0;0;1;0.0;0.0;0.0;0.0;0.0;0.0;0.0;0.0;0.0;0.0
1075;52;852;11;0;1;0;0;0;1;0.0;0.0;0.0;0.0;0.0;0.0;0.0;0.0;0.0;0.0
1076;56;856;11;0;1;0;1;0;0;0.0;0.0;0.0;0.0;0.0;1.0;1.0;0.0;0.0;0.0
1077;62;862;11;0;1;0;0;1;0;0.0;0.0;0.0;0.0;0.0;1.0;0.0;0.0;0.0;0.0
1078;63;863;11;0;1;0;0;0;1;0.0;0.0;0.0;0.0;0.0;0.0;1.0;0.0;0.0;0.0
1079;65;865;11;0;1;0;0;1;0;0.0;1.0;0.0;0.0;1.0;0.0;1.0;0.0;0.0;1.0
1080;74;874;11;0;1;0;0;1;0;0.0;0.0;0.0;0.0;0.0;0.0;0.0;0.0;0.0;0.0
1081;81;881;11;0;1;0;0;1;0;0.0;0.0;1.0;0.0;0.0;0.0;0.0;0.0;0.0;1.0
1082;84;884;11;0;1;0;0;0;1;0.0;0.0;0.0;0.0;0.0;0.0;0.0;0.0;0.0;1.0
1083;85;885;11;0;1;0;0;0;1;0.0;0.0;1.0;0.0;0.0;1.0;1.0;0.0;0.0;0.0
1084;90;890;11;0;1;0;0;0;1;0.0;1.0;0.0;0.0;0.0;1.0;0.0;0.0;0.0;0.0
1085;93;893;11;0;1;0;0;0;1;0.0;1.0;0.0;0.0;1.0;1.0;1.0;0.0;0.0;0.0
1086;95;895;11;0;1;0;0;0;0;0.0;1.0;0.0;1.0;0.0;0.0;1.0;0.0;0.0;1.0
1087;97;897;11;0;1;0;0;0;1;0.0;0.0;0.0;0.0;0.0;0.0;0.0;0.0;0.0;1.0
1088;98;898;11;0;1;0;0;1;0;0.0;1.0;0.0;0.0;0.0;0.0;1.0;0.0;0.0;1.0
1089;2;902;11;0;1;0;0;1;0;0.0;1.0;0.0;0.0;1.0;1.0;1.0;0.0;0.0;1.0
1090;3;903;11;0;1;0;0;1;0;0.0;1.0;0.0;0.0;1.0;1.0;1.0;0.0;0.0;1.0
1091;10;910;11;0;1;0;0;1;0;0.0;0.0;0.0;1.0;1.0;1.0;0.0;0.0;0.0;0.0
1092;11;911;11;0;1;0;0;1;0;0.0;1.0;0.0;0.0;1.0;1.0;1.0;0.0;0.0;1.0
1093;12;912;11;0;1;0;0;1;0;0.0;0.0;0.0;0.0;0.0;1.0;0.0;0.0;0.0;0.0
1094;18;918;11;0;1;0;0;1;0;0.0;0.0;0.0;0.0;0.0;0.0;0.0;0.0;0.0;1.0
1095;27;927;11;0;1;0;0;1;0;0.0;0.0;0.0;0.0;0.0;0.0;0.0;0.0;0.0;0.0
1096;28;928;11;0;1;0;0;1;0;1.0;1.0;0.0;0.0;0.0;0.0;0.0;0.0;0.0;0.0
1097;32;932;11;0;1;0;0;1;0;0.0;1.0;0.0;0.0;1.0;1.0;1.0;0.0;0.0;1.0
1098;33;933;11;0;1;0;0;1;0;0.0;0.0;0.0;0.0;0.0;0.0;0.0;0.0;0.0;1.0
1099;34;934;11;0;1;0;0;1;0;0.0;1.0;0.0;0.0;0.0;1.0;1.0;0.0;0.0;0.0
1100;38;938;11;0;1;0;0;1;0;0.0;1.0;0.0;0.0;1.0;1.0;1.0;0.0;0.0;1.0
1101;39;939;11;0;1;0;0;1;0;0.0;0.0;0.0;0.0;0.0;1.0;0.0;0.0;0.0;0.0
1102;47;947;11;0;1;0;0;1;0;0.0;0.0;0.0;0.0;1.0;1.0;0.0;0.0;0.0;0.0
1103;52;952;11;0;1;0;0;0;1;1.0;0.0;1.0;0.0;0.0;0.0;0.0;0.0;0.0;0.0
1104;58;958;11;0;1;0;0;1;0;0.0;1.0;0.0;0.0;1.0;1.0;1.0;0.0;0.0;1.0
1105;61;961;11;0;1;0;0;1;0;0.0;1.0;0.0;0.0;1.0;1.0;1.0;0.0;0.0;1.0
1106;64;964;11;0;1;0;1;0;0;0.0;1.0;0.0;0.0;1.0;1.0;1.0;0.0;0.0;1.0
1107;71;971;11;0;1;0;0;0;1;0.0;1.0;0.0;0.0;0.0;0.0;0.0;0.0;0.0;0.0
1108;76;976;11;0;1;0;0;0;1;0.0;0.0;0.0;0.0;1.0;0.0;0.0;0.0;0.0;0.0
1109;84;984;11;0;1;0;1;0;0;0.0;0.0;0.0;0.0;0.0;0.0;0.0;0.0;0.0;1.0
1110;87;987;11;0;1;0;0;0;1;0.0;0.0;0.0;0.0;0.0;0.0;0.0;0.0;0.0;1.0
1111;88;988;11;0;1;0;0;1;0;0.0;1.0;0.0;0.0;1.0;0.0;1.0;0.0;0.0;1.0
1112;90;990;11;0;1;0;0;0;1;0.0;1.0;0.0;1.0;1.0;0.0;1.0;0.0;0.0;1.0
1113;92;992;11;0;1;0;0;0;1;1.0;1.0;1.0;1.0;1.0;1.0;1.0;0.0;0.0;0.0
1114;93;993;11;0;1;0;0;1;0;0.0;1.0;0.0;0.0;1.0;1.0;1.0;0.0;0.0;1.0
1115;94;994;11;0;1;0;0;1;0;0.0;1.0;0.0;0.0;1.0;1.0;1.0;0.0;0.0;1.0
1116;95;995;11;0;1;0;0;1;0;0.0;0.0;0.0;0.0;0.0;0.0;1.0;0.0;0.0;1.0
1117;99;999;11;0;1;0;0;0;1;0.0;0.0;0.0;0.0;0.0;0.0;0.0;0.0;0.0;1.0
1118;3;1003;11;0;1;0;1;0;0;0.0;0.0;0.0;0.0;0.0;0.0;0.0;0.0;0.0;0.0
1119;12;1012;11;0;1;0;0;0;0;0.0;0.0;0.0;0.0;0.0;0.0;0.0;0.0;0.0;0.0
1120;18;1018;11;0;1;0;0;1;0;0.0;0.0;0.0;0.0;0.0;0.0;0.0;0.0;0.0;0.0
1121;27;1027;11;0;1;0;0;1;0;0.0;0.0;0.0;0.0;0.0;0.0;0.0;0.0;0.0;0.0
1122;38;1038;11;0;1;0;0;1;0;0.0;0.0;0.0;0.0;0.0;0.0;0.0;0.0;0.0;0.0
1123;49;1049;11;0;1;0;0;0;0;0.0;0.0;0.0;0.0;0.0;0.0;0.0;0.0;0.0;0.0
1124;52;1052;11;0;1;0;0;1;0;0.0;0.0;0.0;0.0;0.0;0.0;0.0;0.0;0.0;0.0
1125;54;1054;11;0;1;0;0;0;1;0.0;0.0;0.0;0.0;0.0;0.0;0.0;0.0;0.0;0.0
1126;60;1060;11;0;1;0;0;1;0;0.0;0.0;0.0;0.0;0.0;0.0;0.0;0.0;0.0;0.0
1127;78;1078;11;0;1;0;0;1;0;0.0;0.0;0.0;0.0;0.0;0.0;0.0;0.0;0.0;0.0
1128;80;1080;11;0;1;0;0;1;0;0.0;0.0;0.0;0.0;0.0;0.0;0.0;0.0;0.0;0.0
1129;82;1082;11;0;1;0;0;1;0;0.0;1.0;0.0;0.0;1.0;1.0;1.0;0.0;0.0;1.0
1130;84;1084;11;0;1;0;0;1;0;0.0;0.0;0.0;0.0;0.0;0.0;0.0;0.0;0.0;0.0
1131;89;1089;11;0;1;0;0;1;0;0.0;0.0;0.0;0.0;0.0;0.0;0.0;0.0;0.0;0.0
1132;91;1091;11;0;1;0;0;0;0;0.0;0.0;0.0;0.0;0.0;0.0;0.0;0.0;0.0;0.0
1133;99;1099;11;0;1;0;0;0;1;0.0;0.0;0.0;0.0;0.0;0.0;0.0;0.0;0.0;0.0
1134;0;1100;11;0;1;0;0;1;0;0.0;0.0;0.0;0.0;0.0;0.0;0.0;0.0;0.0;0.0
1135;11;1111;11;0;1;0;0;1;0;0.0;0.0;0.0;1.0;0.0;0.0;0.0;0.0;0.0;0.0
1136;14;1114;11;0;1;0;0;0;1;0.0;1.0;0.0;0.0;1.0;1.0;1.0;0.0;0.0;1.0
1137;15;1115;11;0;1;0;0;1;0;0.0;1.0;0.0;0.0;1.0;1.0;1.0;0.0;0.0;1.0
1138;18;1118;11;0;1;0;0;0;1;0.0;1.0;0.0;0.0;1.0;1.0;1.0;0.0;0.0;1.0
1139;25;1125;11;0;1;0;0;1;0;0.0;1.0;0.0;0.0;1.0;1.0;1.0;0.0;0.0;1.0
1140;31;1131;11;0;1;0;0;1;0;0.0;1.0;0.0;0.0;1.0;1.0;1.0;0.0;0.0;1.0
1141;34;1134;11;0;1;0;0;1;0;0.0;0.0;0.0;1.0;1.0;0.0;0.0;0.0;0.0;0.0
1142;36;1136;11;0;1;0;0;1;0;0.0;0.0;0.0;0.0;0.0;0.0;1.0;0.0;0.0;1.0
1143;37;1137;11;0;1;0;0;1;0;0.0;0.0;0.0;0.0;1.0;0.0;0.0;0.0;0.0;1.0
1144;41;1141;11;0;1;0;1;0;0;0.0;1.0;0.0;0.0;1.0;1.0;1.0;0.0;0.0;1.0
1145;45;1145;11;0;1;0;1;0;0;0.0;0.0;0.0;0.0;0.0;0.0;0.0;0.0;0.0;0.0
1146;47;1147;11;0;1;0;1;0;0;0.0;1.0;0.0;0.0;0.0;0.0;1.0;0.0;0.0;1.0
1147;54;1154;11;0;1;0;0;1;0;0.0;1.0;0.0;0.0;0.0;1.0;1.0;0.0;0.0;0.0
1148;56;1156;11;0;1;0;1;0;0;0.0;0.0;0.0;1.0;1.0;1.0;1.0;0.0;0.0;0.0
1149;63;1163;11;0;1;0;0;1;0;0.0;0.0;0.0;0.0;1.0;0.0;0.0;0.0;0.0;0.0
1150;66;1166;11;0;1;0;0;0;1;0.0;1.0;0.0;0.0;0.0;0.0;1.0;0.0;0.0;1.0
1151;69;1169;11;0;1;0;0;0;1;0.0;1.0;0.0;0.0;0.0;0.0;1.0;0.0;0.0;1.0
1152;74;1174;11;0;1;0;0;1;0;0.0;1.0;0.0;0.0;1.0;1.0;1.0;0.0;0.0;1.0
1153;75;1175;11;0;1;0;0;1;0;0.0;0.0;0.0;0.0;0.0;1.0;0.0;0.0;0.0;0.0
1154;78;1178;11;0;1;0;1;0;0;0.0;1.0;0.0;0.0;1.0;1.0;1.0;0.0;0.0;1.0
1155;80;1180;11;0;1;0;0;1;0;0.0;1.0;0.0;0.0;1.0;1.0;1.0;0.0;0.0;1.0
1156;89;1189;11;0;1;0;0;0;1;0.0;1.0;0.0;0.0;1.0;1.0;1.0;0.0;0.0;1.0
1157;6;6;13;0;0;1;1;0;0;0.0;0.0;0.0;0.0;0.0;0.0;0.0;0.0;0.0;0.0
1158;15;15;13;0;0;1;0;0;1;1.0;0.0;0.0;0.0;0.0;0.0;0.0;0.0;0.0;0.0
1159;16;16;13;0;0;1;0;0;1;1.0;0.0;0.0;0.0;0.0;0.0;0.0;0.0;0.0;0.0
1160;1;101;13;0;0;1;0;0;1;0.0;0.0;0.0;0.0;0.0;0.0;0.0;0.0;0.0;0.0
1161;25;125;13;0;0;1;0;1;0;0.0;0.0;0.0;0.0;0.0;0.0;0.0;0.0;0.0;0.0
1162;25;325;13;0;0;1;0;0;1;0.0;0.0;0.0;0.0;0.0;0.0;0.0;0.0;0.0;0.0
1163;3;403;13;1;0;0;1;0;0;0.0;0.0;0.0;0.0;0.0;0.0;0.0;0.0;0.0;0.0
1164;26;426;13;1;0;0;0;1;0;0.0;0.0;0.0;0.0;0.0;0.0;0.0;0.0;0.0;0.0
1165;92;492;13;1;0;0;0;1;0;0.0;0.0;0.0;0.0;0.0;0.0;0.0;0.0;0.0;0.0
1166;8;508;13;1;0;0;0;1;0;0.0;0.0;0.0;0.0;0.0;0.0;0.0;0.0;0.0;0.0
1167;36;536;13;1;0;0;0;1;0;0.0;0.0;0.0;0.0;0.0;0.0;0.0;0.0;0.0;0.0
1168;69;569;13;1;0;0;1;0;0;0.0;0.0;0.0;0.0;0.0;0.0;0.0;0.0;0.0;0.0
1169;81;581;13;1;0;0;0;1;0;1.0;0.0;0.0;0.0;0.0;0.0;0.0;0.0;0.0;0.0
1170;98;598;13;1;0;0;0;1;0;0.0;0.0;0.0;0.0;0.0;0.0;0.0;0.0;0.0;0.0
1171;7;607;13;1;0;0;0;0;1;1.0;0.0;0.0;0.0;0.0;0.0;0.0;0.0;0.0;0.0
1172;23;623;13;1;0;0;0;1;0;1.0;0.0;0.0;0.0;0.0;0.0;0.0;0.0;0.0;0.0
1173;47;647;13;1;0;0;0;0;1;1.0;0.0;0.0;0.0;0.0;0.0;0.0;0.0;0.0;0.0
1174;59;659;13;1;0;0;0;1;0;1.0;0.0;0.0;0.0;0.0;0.0;0.0;0.0;0.0;0.0
1175;88;688;13;1;0;0;0;1;0;1.0;0.0;0.0;0.0;0.0;0.0;0.0;0.0;0.0;0.0
1176;94;694;13;1;0;0;0;1;0;1.0;0.0;0.0;0.0;0.0;0.0;0.0;0.0;0.0;0.0
1177;8;708;13;1;0;0;0;1;0;0.0;0.0;0.0;0.0;0.0;0.0;0.0;0.0;0.0;0.0
1178;11;711;13;1;0;0;1;0;0;1.0;0.0;0.0;0.0;0.0;0.0;0.0;0.0;0.0;0.0
1179;17;717;13;1;0;0;0;1;0;1.0;0.0;0.0;0.0;0.0;0.0;0.0;0.0;0.0;0.0
1180;34;734;13;1;0;0;1;0;0;1.0;0.0;0.0;0.0;0.0;0.0;0.0;0.0;0.0;0.0
1181;43;743;13;1;0;0;0;1;0;0.0;0.0;0.0;0.0;0.0;0.0;0.0;0.0;0.0;0.0
1182;54;854;13;0;1;0;0;1;0;1.0;0.0;0.0;0.0;0.0;0.0;0.0;0.0;0.0;0.0
1183;57;857;13;0;1;0;0;1;0;1.0;0.0;0.0;0.0;0.0;0.0;0.0;0.0;0.0;0.0
1184;58;858;13;0;1;0;0;1;0;1.0;0.0;0.0;0.0;0.0;0.0;0.0;0.0;0.0;0.0
1185;87;887;13;0;1;0;1;0;0;1.0;0.0;0.0;0.0;0.0;0.0;0.0;0.0;0.0;0.0
1186;69;969;13;0;1;0;0;0;1;1.0;0.0;0.0;0.0;1.0;0.0;0.0;0.0;0.0;0.0
1187;89;989;13;0;1;0;0;1;0;0.0;0.0;0.0;0.0;1.0;0.0;0.0;0.0;0.0;0.0
1188;69;1069;13;0;1;0;0;1;0;0.0;0.0;0.0;0.0;0.0;0.0;0.0;0.0;0.0;0.0
1189;70;1070;13;0;1;0;0;0;1;0.0;0.0;0.0;0.0;0.0;0.0;0.0;0.0;0.0;0.0
1190;57;1157;13;0;1;0;0;1;0;1.0;0.0;0.0;0.0;0.0;0.0;0.0;0.0;0.0;0.0
1191;71;1171;13;0;1;0;0;0;1;1.0;0.0;0.0;0.0;0.0;0.0;0.0;0.0;0.0;0.0
1192;0;0;14;0;0;1;0;0;1;0.0;1.0;0.0;0.0;0.0;1.0;1.0;0.0;0.0;0.0
1193;28;28;14;0;0;1;0;0;1;0.0;1.0;0.0;0.0;0.0;1.0;1.0;0.0;0.0;0.0
1194;44;44;14;0;0;1;0;1;0;0.0;1.0;0.0;0.0;0.0;1.0;1.0;0.0;0.0;0.0
1195;68;68;14;0;0;1;0;0;1;0.0;1.0;0.0;0.0;0.0;0.0;1.0;0.0;0.0;1.0
1196;80;80;14;0;0;1;0;1;0;0.0;0.0;0.0;0.0;0.0;1.0;0.0;0.0;0.0;0.0
1197;81;81;14;0;0;1;0;1;0;0.0;0.0;0.0;0.0;0.0;0.0;0.0;0.0;0.0;0.0
1198;96;96;14;0;0;1;0;1;0;0.0;0.0;0.0;0.0;1.0;0.0;0.0;0.0;0.0;0.0
1199;53;153;14;0;0;1;0;1;0;0.0;0.0;0.0;0.0;0.0;0.0;0.0;0.0;0.0;0.0
1200;59;159;14;0;0;1;0;1;0;0.0;0.0;0.0;0.0;0.0;0.0;0.0;0.0;0.0;0.0
1201;90;190;14;0;0;1;0;1;0;0.0;0.0;0.0;0.0;0.0;0.0;0.0;0.0;0.0;0.0
1202;51;251;14;0;0;1;0;0;1;0.0;0.0;0.0;0.0;0.0;0.0;0.0;0.0;0.0;0.0
1203;94;294;14;0;0;1;0;1;0;0.0;0.0;0.0;0.0;0.0;0.0;0.0;0.0;0.0;0.0
1204;67;367;14;0;0;1;0;1;0;0.0;0.0;0.0;0.0;0.0;0.0;0.0;0.0;0.0;0.0
1205;86;386;14;0;0;1;0;1;0;0.0;0.0;0.0;0.0;0.0;0.0;0.0;0.0;0.0;0.0
1206;96;396;14;0;0;1;0;1;0;0.0;1.0;0.0;0.0;0.0;1.0;1.0;0.0;0.0;0.0
1207;0;400;14;1;0;0;1;0;0;0.0;0.0;0.0;0.0;0.0;0.0;0.0;0.0;0.0;0.0
1208;33;433;14;1;0;0;0;1;0;0.0;0.0;0.0;0.0;0.0;0.0;0.0;0.0;0.0;0.0
1209;47;447;14;1;0;0;0;1;0;0.0;0.0;0.0;0.0;0.0;0.0;0.0;0.0;0.0;0.0
1210;79;479;14;1;0;0;0;1;0;0.0;0.0;0.0;0.0;0.0;0.0;0.0;0.0;0.0;0.0
1211;54;554;14;1;0;0;0;0;1;0.0;0.0;0.0;0.0;0.0;0.0;0.0;0.0;0.0;0.0
1212;5;605;14;1;0;0;0;1;0;0.0;0.0;0.0;0.0;1.0;0.0;1.0;0.0;0.0;0.0
1213;11;811;14;0;1;0;0;1;0;0.0;1.0;0.0;0.0;1.0;1.0;1.0;0.0;0.0;0.0
1214;20;820;14;0;1;0;0;1;0;0.0;1.0;0.0;0.0;0.0;1.0;1.0;0.0;0.0;0.0
1215;41;841;14;0;1;0;0;1;0;0.0;0.0;0.0;0.0;0.0;1.0;0.0;0.0;0.0;0.0
1216;47;847;14;0;1;0;0;1;0;0.0;0.0;0.0;0.0;0.0;0.0;0.0;0.0;0.0;1.0
1217;50;850;14;0;1;0;0;0;1;0.0;0.0;0.0;0.0;0.0;0.0;0.0;0.0;0.0;0.0
1218;52;852;14;0;1;0;0;0;1;0.0;0.0;0.0;0.0;0.0;0.0;0.0;0.0;0.0;0.0
1219;56;856;14;0;1;0;1;0;0;0.0;0.0;0.0;0.0;0.0;1.0;1.0;0.0;0.0;0.0
1220;63;863;14;0;1;0;0;0;1;0.0;0.0;0.0;0.0;0.0;0.0;1.0;0.0;0.0;0.0
1221;27;927;14;0;1;0;0;1;0;0.0;0.0;0.0;0.0;0.0;0.0;0.0;0.0;0.0;0.0
1222;58;958;14;0;1;0;0;1;0;0.0;1.0;0.0;0.0;0.0;1.0;1.0;0.0;0.0;0.0
1223;64;964;14;0;1;0;1;0;0;0.0;1.0;0.0;0.0;0.0;1.0;1.0;0.0;0.0;0.0
1224;95;995;14;0;1;0;0;1;0;0.0;0.0;0.0;0.0;0.0;0.0;1.0;0.0;0.0;1.0
1225;27;1027;14;0;1;0;0;1;0;0.0;0.0;0.0;0.0;0.0;0.0;0.0;0.0;0.0;0.0
1226;8;8;15;0;0;1;0;1;0;0.0;0.0;0.0;0.0;0.0;0.0;0.0;0.0;0.0;0.0
1227;9;9;15;0;0;1;0;1;0;1.0;0.0;0.0;0.0;0.0;0.0;0.0;1.0;1.0;0.0
1228;18;18;15;0;0;1;0;0;1;1.0;0.0;0.0;0.0;0.0;0.0;0.0;1.0;1.0;0.0
1229;19;19;15;0;0;1;0;1;0;0.0;0.0;0.0;0.0;0.0;0.0;0.0;0.0;0.0;0.0
1230;27;27;15;0;0;1;0;1;0;0.0;0.0;0.0;0.0;0.0;0.0;0.0;0.0;0.0;0.0
1231;50;50;15;0;0;1;1;0;0;1.0;0.0;0.0;0.0;0.0;0.0;0.0;1.0;1.0;0.0
1232;54;54;15;0;0;1;0;0;1;1.0;0.0;0.0;0.0;0.0;0.0;0.0;1.0;1.0;0.0
1233;55;55;15;0;0;1;0;0;1;1.0;0.0;0.0;0.0;0.0;0.0;0.0;1.0;1.0;0.0
1234;66;66;15;0;0;1;0;1;0;1.0;0.0;0.0;0.0;0.0;0.0;0.0;1.0;1.0;0.0
1235;92;92;15;0;0;1;0;0;1;1.0;0.0;0.0;0.0;0.0;0.0;0.0;1.0;1.0;0.0
1236;0;100;15;0;0;1;0;1;0;0.0;0.0;0.0;0.0;0.0;0.0;0.0;0.0;0.0;0.0
1237;2;102;15;0;0;1;0;0;1;0.0;0.0;0.0;0.0;0.0;0.0;0.0;0.0;0.0;0.0
1238;4;104;15;0;0;1;0;0;1;0.0;0.0;0.0;0.0;0.0;0.0;0.0;0.0;0.0;0.0
1239;15;115;15;0;0;1;0;0;1;0.0;0.0;0.0;0.0;0.0;0.0;0.0;0.0;0.0;0.0
1240;21;121;15;0;0;1;0;1;0;0.0;0.0;0.0;0.0;0.0;0.0;0.0;0.0;0.0;0.0
1241;23;123;15;0;0;1;0;0;1;0.0;0.0;0.0;0.0;0.0;0.0;0.0;0.0;0.0;0.0
1242;27;127;15;0;0;1;0;1;0;0.0;0.0;0.0;0.0;0.0;0.0;0.0;0.0;0.0;0.0
1243;29;129;15;0;0;1;0;1;0;0.0;0.0;0.0;0.0;0.0;0.0;0.0;0.0;0.0;0.0
1244;34;134;15;0;0;1;0;0;1;0.0;0.0;0.0;0.0;0.0;0.0;0.0;0.0;0.0;0.0
1245;45;145;15;0;0;1;1;0;0;0.0;0.0;0.0;0.0;0.0;0.0;0.0;0.0;0.0;0.0
1246;49;149;15;0;0;1;1;0;0;0.0;0.0;0.0;0.0;0.0;0.0;0.0;0.0;0.0;0.0
1247;51;151;15;0;0;1;0;1;0;0.0;0.0;0.0;0.0;0.0;0.0;0.0;0.0;0.0;0.0
1248;63;163;15;0;0;1;0;0;1;0.0;0.0;0.0;0.0;0.0;0.0;0.0;0.0;0.0;0.0
1249;66;166;15;0;0;1;0;1;0;0.0;0.0;0.0;0.0;0.0;0.0;0.0;0.0;0.0;0.0
1250;67;167;15;0;0;1;0;0;1;0.0;0.0;0.0;0.0;0.0;0.0;0.0;0.0;0.0;0.0
1251;72;172;15;0;0;1;1;0;0;0.0;0.0;0.0;0.0;0.0;0.0;0.0;0.0;0.0;0.0
1252;79;179;15;0;0;1;0;1;0;0.0;0.0;0.0;0.0;0.0;0.0;0.0;0.0;0.0;0.0
1253;88;188;15;0;0;1;0;1;0;0.0;0.0;0.0;0.0;0.0;0.0;0.0;0.0;0.0;0.0
1254;95;195;15;0;0;1;0;1;0;0.0;0.0;0.0;0.0;0.0;0.0;0.0;0.0;0.0;0.0
1255;99;199;15;0;0;1;0;0;1;0.0;0.0;0.0;0.0;0.0;0.0;0.0;0.0;0.0;0.0
1256;0;200;15;0;0;1;0;0;1;0.0;0.0;0.0;0.0;0.0;0.0;0.0;0.0;0.0;0.0
1257;5;205;15;0;0;1;0;1;0;0.0;0.0;0.0;0.0;0.0;0.0;0.0;0.0;0.0;0.0
1258;15;215;15;0;0;1;0;1;0;0.0;0.0;0.0;0.0;0.0;0.0;0.0;0.0;0.0;0.0
1259;16;216;15;0;0;1;0;1;0;0.0;0.0;0.0;0.0;0.0;0.0;0.0;0.0;0.0;0.0
1260;19;219;15;0;0;1;0;1;0;0.0;0.0;0.0;0.0;0.0;0.0;0.0;0.0;0.0;0.0
1261;23;223;15;0;0;1;0;0;1;0.0;0.0;0.0;0.0;0.0;0.0;0.0;0.0;0.0;0.0
1262;25;225;15;0;0;1;1;0;0;0.0;0.0;0.0;0.0;0.0;0.0;0.0;0.0;0.0;0.0
1263;38;238;15;0;0;1;0;1;0;0.0;0.0;0.0;0.0;0.0;0.0;0.0;0.0;0.0;0.0
1264;39;239;15;0;0;1;0;0;0;0.0;0.0;0.0;0.0;0.0;0.0;0.0;0.0;0.0;0.0
1265;42;242;15;0;0;1;0;1;0;0.0;0.0;0.0;0.0;0.0;0.0;0.0;0.0;0.0;0.0
1266;43;243;15;0;0;1;0;0;1;0.0;0.0;0.0;0.0;0.0;0.0;0.0;0.0;0.0;0.0
1267;63;263;15;0;0;1;0;1;0;0.0;0.0;0.0;0.0;0.0;0.0;0.0;0.0;0.0;0.0
1268;67;267;15;0;0;1;0;0;1;0.0;0.0;0.0;0.0;0.0;0.0;0.0;0.0;0.0;0.0
1269;73;273;15;0;0;1;0;1;0;0.0;0.0;0.0;0.0;0.0;0.0;0.0;0.0;0.0;0.0
1270;78;278;15;0;0;1;0;1;0;0.0;0.0;0.0;0.0;0.0;0.0;0.0;0.0;0.0;0.0
1271;84;284;15;0;0;1;0;1;0;0.0;0.0;0.0;0.0;0.0;0.0;0.0;0.0;0.0;0.0
1272;98;298;15;0;0;1;0;1;0;0.0;0.0;0.0;0.0;0.0;0.0;0.0;0.0;0.0;0.0
1273;3;303;15;0;0;1;0;1;0;0.0;0.0;0.0;0.0;0.0;0.0;0.0;0.0;0.0;0.0
1274;8;308;15;0;0;1;1;0;0;0.0;0.0;0.0;0.0;0.0;0.0;0.0;0.0;0.0;0.0
1275;23;323;15;0;0;1;0;1;0;0.0;0.0;0.0;0.0;0.0;0.0;0.0;0.0;0.0;0.0
1276;42;342;15;0;0;1;0;1;0;0.0;0.0;0.0;0.0;0.0;0.0;0.0;0.0;0.0;0.0
1277;48;348;15;0;0;1;0;0;1;0.0;0.0;0.0;0.0;0.0;0.0;0.0;0.0;0.0;0.0
1278;63;363;15;0;0;1;1;0;0;0.0;0.0;0.0;0.0;0.0;0.0;0.0;0.0;0.0;0.0
1279;70;370;15;0;0;1;0;1;0;0.0;0.0;0.0;0.0;0.0;0.0;0.0;0.0;0.0;0.0
1280;76;376;15;0;0;1;0;1;0;0.0;0.0;0.0;0.0;0.0;0.0;0.0;0.0;0.0;0.0
1281;77;377;15;0;0;1;0;0;1;0.0;0.0;0.0;0.0;0.0;0.0;0.0;0.0;0.0;0.0
1282;80;380;15;0;0;1;0;0;1;0.0;0.0;0.0;0.0;0.0;0.0;0.0;0.0;0.0;0.0
1283;95;395;15;0;0;1;0;1;0;0.0;0.0;0.0;0.0;0.0;0.0;0.0;0.0;0.0;0.0
1284;4;404;15;1;0;0;0;1;0;0.0;0.0;0.0;0.0;0.0;0.0;0.0;0.0;0.0;0.0
1285;6;406;15;1;0;0;0;1;0;0.0;0.0;0.0;0.0;0.0;0.0;0.0;0.0;0.0;0.0
1286;20;420;15;1;0;0;0;1;0;0.0;0.0;0.0;0.0;0.0;0.0;0.0;0.0;0.0;0.0
1287;25;425;15;1;0;0;1;0;0;0.0;0.0;0.0;0.0;0.0;0.0;0.0;0.0;0.0;0.0
1288;34;434;15;1;0;0;0;1;0;0.0;0.0;0.0;0.0;0.0;0.0;0.0;0.0;0.0;0.0
1289;37;437;15;1;0;0;0;0;1;0.0;0.0;0.0;0.0;0.0;0.0;0.0;0.0;0.0;0.0
1290;38;438;15;1;0;0;0;1;0;0.0;0.0;0.0;0.0;0.0;0.0;0.0;0.0;0.0;0.0
1291;40;440;15;1;0;0;0;0;1;0.0;0.0;0.0;0.0;0.0;0.0;0.0;0.0;0.0;0.0
1292;50;450;15;1;0;0;0;1;0;0.0;0.0;0.0;0.0;0.0;0.0;0.0;0.0;0.0;0.0
1293;51;451;15;1;0;0;0;1;0;0.0;0.0;0.0;0.0;0.0;0.0;0.0;0.0;0.0;0.0
1294;57;457;15;1;0;0;0;1;0;0.0;0.0;0.0;0.0;0.0;0.0;0.0;0.0;0.0;0.0
1295;60;460;15;1;0;0;0;0;1;0.0;0.0;0.0;0.0;0.0;0.0;0.0;0.0;0.0;0.0
1296;70;470;15;1;0;0;0;1;0;0.0;0.0;0.0;0.0;0.0;0.0;0.0;0.0;0.0;0.0
1297;71;471;15;1;0;0;0;1;0;0.0;0.0;0.0;0.0;0.0;0.0;0.0;0.0;0.0;0.0
1298;73;473;15;1;0;0;0;1;0;0.0;0.0;0.0;0.0;0.0;0.0;0.0;0.0;0.0;0.0
1299;75;475;15;1;0;0;0;1;0;1.0;0.0;0.0;0.0;0.0;0.0;0.0;1.0;1.0;0.0
1300;78;478;15;1;0;0;0;1;0;0.0;0.0;0.0;0.0;0.0;0.0;0.0;0.0;0.0;0.0
1301;82;482;15;1;0;0;0;0;1;0.0;0.0;0.0;0.0;0.0;0.0;0.0;0.0;0.0;0.0
1302;83;483;15;1;0;0;0;0;1;0.0;0.0;0.0;0.0;0.0;0.0;0.0;0.0;0.0;0.0
1303;87;487;15;1;0;0;1;0;0;0.0;0.0;0.0;0.0;0.0;0.0;0.0;0.0;0.0;0.0
1304;89;489;15;1;0;0;0;1;0;0.0;0.0;0.0;0.0;0.0;0.0;0.0;0.0;0.0;0.0
1305;96;496;15;1;0;0;0;1;0;0.0;0.0;0.0;0.0;0.0;0.0;0.0;0.0;0.0;0.0
1306;9;509;15;1;0;0;0;1;0;0.0;0.0;0.0;0.0;0.0;0.0;0.0;0.0;0.0;0.0
1307;10;510;15;1;0;0;0;1;0;0.0;0.0;0.0;0.0;0.0;0.0;0.0;0.0;0.0;0.0
1308;19;519;15;1;0;0;0;1;0;0.0;0.0;0.0;0.0;0.0;0.0;0.0;0.0;0.0;0.0
1309;22;522;15;1;0;0;1;0;0;0.0;0.0;0.0;0.0;0.0;0.0;0.0;0.0;0.0;0.0
1310;28;528;15;1;0;0;0;0;1;0.0;0.0;0.0;0.0;0.0;0.0;0.0;0.0;0.0;0.0
1311;32;532;15;1;0;0;1;0;0;0.0;0.0;0.0;0.0;0.0;0.0;0.0;0.0;0.0;0.0
1312;39;539;15;1;0;0;0;0;1;0.0;0.0;0.0;0.0;0.0;0.0;0.0;0.0;0.0;0.0
1313;40;540;15;1;0;0;0;0;1;0.0;0.0;0.0;0.0;0.0;0.0;0.0;0.0;0.0;0.0
1314;43;543;15;1;0;0;1;0;0;0.0;0.0;0.0;0.0;0.0;0.0;0.0;0.0;0.0;0.0
1315;53;553;15;1;0;0;1;0;0;0.0;0.0;0.0;0.0;0.0;0.0;0.0;0.0;0.0;0.0
1316;62;562;15;1;0;0;0;1;0;0.0;0.0;0.0;0.0;0.0;0.0;0.0;0.0;0.0;0.0
1317;64;564;15;1;0;0;0;0;1;0.0;0.0;0.0;0.0;0.0;0.0;0.0;0.0;0.0;0.0
1318;75;575;15;1;0;0;0;1;0;0.0;0.0;0.0;0.0;0.0;0.0;0.0;0.0;0.0;0.0
1319;77;577;15;1;0;0;0;1;0;0.0;0.0;0.0;0.0;0.0;0.0;0.0;0.0;0.0;0.0
1320;78;578;15;1;0;0;0;1;0;0.0;0.0;0.0;0.0;0.0;0.0;0.0;0.0;0.0;0.0
1321;79;579;15;1;0;0;0;1;0;1.0;0.0;0.0;0.0;0.0;0.0;0.0;1.0;1.0;0.0
1322;80;580;15;1;0;0;0;1;0;0.0;0.0;0.0;0.0;0.0;0.0;0.0;0.0;0.0;0.0
1323;84;584;15;1;0;0;0;0;1;0.0;0.0;0.0;0.0;0.0;0.0;0.0;0.0;0.0;0.0
1324;86;586;15;1;0;0;0;1;0;0.0;0.0;0.0;0.0;0.0;0.0;0.0;0.0;0.0;0.0
1325;92;592;15;1;0;0;0;1;0;1.0;0.0;0.0;0.0;0.0;0.0;0.0;1.0;1.0;0.0
1326;97;597;15;1;0;0;0;0;0;0.0;0.0;0.0;0.0;0.0;0.0;0.0;0.0;0.0;0.0
1327;2;602;15;1;0;0;0;1;0;0.0;0.0;0.0;0.0;0.0;0.0;0.0;1.0;0.0;1.0
1328;4;604;15;1;0;0;0;1;0;1.0;0.0;0.0;0.0;0.0;0.0;0.0;1.0;1.0;0.0
1329;10;610;15;1;0;0;0;1;0;1.0;0.0;0.0;0.0;0.0;0.0;0.0;1.0;1.0;0.0
1330;14;614;15;1;0;0;0;1;0;1.0;0.0;0.0;0.0;0.0;0.0;0.0;1.0;1.0;0.0
1331;22;622;15;1;0;0;0;1;0;0.0;0.0;0.0;0.0;0.0;0.0;0.0;0.0;0.0;0.0
1332;26;626;15;1;0;0;0;1;0;0.0;0.0;0.0;0.0;0.0;0.0;0.0;0.0;0.0;0.0
1333;28;628;15;1;0;0;1;0;0;0.0;0.0;0.0;0.0;0.0;0.0;0.0;0.0;0.0;0.0
1334;33;633;15;1;0;0;0;1;0;1.0;0.0;0.0;0.0;0.0;0.0;0.0;1.0;1.0;0.0
1335;36;636;15;1;0;0;0;1;0;1.0;0.0;0.0;0.0;0.0;0.0;0.0;1.0;1.0;0.0
1336;37;637;15;1;0;0;1;0;0;1.0;0.0;0.0;0.0;0.0;0.0;0.0;1.0;1.0;0.0
1337;45;645;15;1;0;0;0;1;0;1.0;0.0;0.0;0.0;0.0;0.0;0.0;1.0;1.0;0.0
1338;46;646;15;1;0;0;0;0;1;0.0;0.0;1.0;0.0;0.0;0.0;0.0;1.0;1.0;0.0
1339;48;648;15;1;0;0;1;0;0;1.0;0.0;0.0;0.0;0.0;0.0;0.0;1.0;1.0;0.0
1340;56;656;15;1;0;0;0;1;0;1.0;0.0;0.0;0.0;0.0;0.0;0.0;1.0;1.0;0.0
1341;57;657;15;1;0;0;0;1;0;1.0;0.0;0.0;0.0;0.0;0.0;0.0;1.0;1.0;0.0
1342;66;666;15;1;0;0;0;1;0;1.0;0.0;0.0;0.0;0.0;0.0;0.0;1.0;1.0;0.0
1343;69;669;15;1;0;0;0;1;0;0.0;0.0;0.0;0.0;0.0;0.0;0.0;0.0;1.0;0.0
1344;73;673;15;1;0;0;0;0;1;1.0;0.0;0.0;0.0;0.0;1.0;0.0;0.0;0.0;0.0
1345;89;689;15;1;0;0;0;1;0;0.0;0.0;0.0;0.0;0.0;0.0;0.0;0.0;0.0;1.0
1346;90;690;15;1;0;0;0;1;0;0.0;0.0;0.0;0.0;0.0;0.0;0.0;0.0;0.0;0.0
1347;1;701;15;1;0;0;0;1;0;0.0;0.0;0.0;0.0;0.0;0.0;0.0;0.0;0.0;0.0
1348;10;710;15;1;0;0;0;0;1;0.0;0.0;0.0;0.0;0.0;0.0;0.0;1.0;0.0;0.0
1349;23;723;15;1;0;0;0;0;1;1.0;0.0;0.0;0.0;0.0;0.0;0.0;0.0;0.0;0.0
1350;26;726;15;1;0;0;0;0;1;0.0;0.0;0.0;0.0;0.0;0.0;0.0;0.0;0.0;0.0
1351;27;727;15;1;0;0;1;0;0;1.0;0.0;0.0;0.0;0.0;0.0;0.0;1.0;1.0;0.0
1352;28;728;15;1;0;0;0;1;0;1.0;0.0;0.0;0.0;0.0;0.0;0.0;0.0;0.0;0.0
1353;30;730;15;1;0;0;0;1;0;0.0;0.0;0.0;0.0;0.0;0.0;0.0;0.0;0.0;0.0
1354;33;733;15;1;0;0;0;0;1;1.0;0.0;0.0;0.0;0.0;0.0;0.0;0.0;0.0;0.0
1355;44;744;15;1;0;0;0;1;0;1.0;0.0;0.0;0.0;0.0;0.0;0.0;1.0;1.0;0.0
1356;46;746;15;1;0;0;1;0;0;0.0;0.0;0.0;0.0;0.0;0.0;0.0;0.0;0.0;0.0
1357;53;753;15;1;0;0;0;1;0;1.0;0.0;0.0;0.0;0.0;0.0;0.0;1.0;1.0;0.0
1358;54;754;15;1;0;0;0;0;1;1.0;0.0;0.0;0.0;0.0;0.0;0.0;1.0;1.0;0.0
1359;57;757;15;1;0;0;0;1;0;1.0;0.0;0.0;0.0;0.0;0.0;0.0;0.0;0.0;0.0
1360;60;760;15;1;0;0;0;0;1;1.0;0.0;1.0;0.0;0.0;0.0;0.0;0.0;0.0;0.0
1361;65;765;15;1;0;0;0;1;0;0.0;0.0;0.0;0.0;0.0;0.0;0.0;0.0;0.0;0.0
1362;66;766;15;1;0;0;0;1;0;1.0;0.0;0.0;0.0;0.0;0.0;0.0;1.0;1.0;0.0
1363;72;772;15;1;0;0;0;1;0;1.0;0.0;0.0;0.0;0.0;0.0;0.0;1.0;1.0;0.0
1364;86;786;15;1;0;0;0;1;0;0.0;0.0;0.0;0.0;0.0;0.0;0.0;0.0;0.0;0.0
1365;96;796;15;1;0;0;1;0;0;1.0;0.0;0.0;0.0;0.0;0.0;0.0;1.0;1.0;0.0
1366;97;797;15;1;0;0;0;1;0;0.0;0.0;0.0;0.0;0.0;0.0;0.0;0.0;0.0;0.0
1367;14;814;15;0;1;0;0;1;0;1.0;0.0;0.0;0.0;0.0;0.0;0.0;1.0;1.0;0.0
1368;25;825;15;0;1;0;0;1;0;1.0;0.0;0.0;0.0;0.0;0.0;0.0;1.0;1.0;0.0
1369;45;845;15;0;1;0;0;0;1;1.0;0.0;0.0;0.0;0.0;0.0;0.0;1.0;1.0;0.0
1370;60;860;15;0;1;0;0;1;0;1.0;0.0;0.0;0.0;0.0;0.0;0.0;1.0;1.0;0.0
1371;64;864;15;0;1;0;1;0;0;0.0;0.0;0.0;0.0;0.0;0.0;0.0;1.0;0.0;0.0
1372;68;868;15;0;1;0;0;1;0;0.0;0.0;0.0;0.0;1.0;0.0;0.0;0.0;0.0;0.0
1373;96;896;15;0;1;0;0;1;0;1.0;0.0;0.0;0.0;0.0;0.0;0.0;1.0;1.0;0.0
1374;4;904;15;0;1;0;0;1;0;0.0;0.0;0.0;0.0;0.0;0.0;0.0;0.0;1.0;0.0
1375;5;905;15;0;1;0;0;1;0;0.0;0.0;0.0;0.0;0.0;1.0;0.0;0.0;0.0;0.0
1376;21;921;15;0;1;0;0;1;0;1.0;0.0;0.0;0.0;0.0;0.0;0.0;1.0;1.0;0.0
1377;37;937;15;0;1;0;0;1;0;0.0;0.0;0.0;0.0;0.0;0.0;0.0;0.0;0.0;0.0
1378;49;949;15;0;1;0;0;1;0;0.0;0.0;0.0;0.0;0.0;0.0;0.0;1.0;0.0;0.0
1379;51;951;15;0;1;0;1;0;0;0.0;0.0;0.0;0.0;0.0;0.0;0.0;0.0;1.0;0.0
1380;53;953;15;0;1;0;1;0;0;0.0;0.0;1.0;0.0;0.0;0.0;0.0;0.0;1.0;0.0
1381;73;973;15;0;1;0;0;1;0;0.0;0.0;0.0;0.0;1.0;0.0;0.0;0.0;0.0;0.0
1382;0;1000;15;0;1;0;0;0;1;0.0;0.0;0.0;0.0;0.0;0.0;0.0;0.0;0.0;0.0
1383;2;1002;15;0;1;0;0;0;1;0.0;0.0;0.0;0.0;0.0;0.0;0.0;0.0;0.0;0.0
1384;4;1004;15;0;1;0;0;0;1;0.0;0.0;0.0;0.0;0.0;0.0;0.0;0.0;0.0;0.0
1385;7;1007;15;0;1;0;0;1;0;1.0;0.0;0.0;0.0;0.0;0.0;0.0;1.0;1.0;0.0
1386;8;1008;15;0;1;0;0;1;0;0.0;0.0;0.0;0.0;0.0;0.0;0.0;0.0;0.0;0.0
1387;15;1015;15;0;1;0;0;1;0;0.0;0.0;0.0;0.0;0.0;0.0;0.0;0.0;0.0;0.0
1388;28;1028;15;0;1;0;0;0;1;0.0;0.0;0.0;0.0;0.0;0.0;0.0;0.0;0.0;0.0
1389;34;1034;15;0;1;0;0;1;0;0.0;0.0;0.0;0.0;0.0;0.0;0.0;0.0;0.0;0.0
1390;35;1035;15;0;1;0;0;0;1;0.0;0.0;0.0;0.0;0.0;0.0;0.0;0.0;0.0;0.0
1391;42;1042;15;0;1;0;0;0;1;0.0;0.0;0.0;0.0;0.0;0.0;0.0;0.0;0.0;0.0
1392;44;1044;15;0;1;0;0;1;0;0.0;0.0;0.0;0.0;0.0;0.0;0.0;0.0;0.0;0.0
1393;48;1048;15;0;1;0;0;1;0;0.0;0.0;0.0;0.0;0.0;0.0;0.0;0.0;0.0;0.0
1394;50;1050;15;0;1;0;0;1;0;0.0;0.0;0.0;0.0;0.0;0.0;0.0;0.0;0.0;0.0
1395;55;1055;15;0;1;0;0;1;0;0.0;0.0;0.0;0.0;0.0;0.0;0.0;0.0;0.0;0.0
1396;74;1074;15;0;1;0;0;1;0;0.0;0.0;0.0;0.0;0.0;0.0;0.0;0.0;0.0;0.0
1397;83;1083;15;0;1;0;0;1;0;0.0;0.0;0.0;0.0;0.0;0.0;0.0;0.0;0.0;0.0
1398;85;1085;15;0;1;0;0;1;0;0.0;0.0;0.0;0.0;0.0;0.0;0.0;0.0;0.0;0.0
1399;88;1088;15;0;1;0;0;1;0;1.0;0.0;0.0;0.0;0.0;0.0;0.0;1.0;1.0;0.0
1400;90;1090;15;0;1;0;0;1;0;0.0;0.0;0.0;0.0;0.0;0.0;0.0;0.0;0.0;0.0
1401;3;1103;15;0;1;0;1;0;0;1.0;0.0;0.0;0.0;0.0;0.0;0.0;1.0;1.0;0.0
1402;24;1124;15;0;1;0;0;1;0;0.0;0.0;0.0;0.0;1.0;0.0;0.0;0.0;0.0;0.0
1403;29;1129;15;0;1;0;0;1;0;1.0;0.0;0.0;0.0;0.0;0.0;0.0;1.0;1.0;0.0
1404;44;1144;15;0;1;0;0;1;0;1.0;0.0;0.0;0.0;0.0;0.0;0.0;1.0;1.0;0.0
1405;50;1150;15;0;1;0;0;1;0;1.0;0.0;0.0;0.0;0.0;0.0;0.0;1.0;1.0;0.0
1406;68;1168;15;0;1;0;1;0;0;1.0;0.0;0.0;0.0;0.0;0.0;0.0;1.0;1.0;0.0
1407;87;1187;15;0;1;0;0;1;0;0.0;0.0;0.0;0.0;0.0;0.0;0.0;0.0;0.0;0.0
1408;90;1190;15;0;1;0;0;1;0;1.0;0.0;0.0;0.0;0.0;0.0;0.0;1.0;0.0;0.0
1409;5;5;16;0;0;1;0;1;0;0.0;0.0;0.0;0.0;0.0;0.0;0.0;0.0;0.0;0.0
1410;39;39;16;0;0;1;0;1;0;0.0;0.0;0.0;0.0;0.0;0.0;0.0;0.0;0.0;0.0
1411;57;57;16;0;0;1;0;1;0;1.0;0.0;0.0;1.0;1.0;0.0;0.0;0.0;0.0;0.0
1412;93;93;16;0;0;1;0;1;0;1.0;0.0;0.0;0.0;1.0;0.0;0.0;0.0;0.0;0.0
1413;95;95;16;0;0;1;0;1;0;0.0;0.0;0.0;0.0;1.0;1.0;1.0;0.0;0.0;0.0
1414;50;150;16;0;0;1;0;0;1;0.0;0.0;0.0;0.0;0.0;0.0;0.0;0.0;0.0;0.0
1415;52;152;16;0;0;1;0;1;0;0.0;0.0;0.0;0.0;0.0;0.0;0.0;0.0;0.0;0.0
1416;55;155;16;0;0;1;0;0;1;0.0;0.0;0.0;0.0;0.0;0.0;0.0;0.0;0.0;0.0
1417;97;197;16;0;0;1;0;0;0;1.0;0.0;0.0;0.0;1.0;0.0;0.0;0.0;0.0;0.0
1418;50;250;16;0;0;1;0;0;1;1.0;0.0;0.0;0.0;1.0;0.0;0.0;0.0;0.0;0.0
1419;77;277;16;0;0;1;1;0;0;0.0;0.0;0.0;0.0;0.0;0.0;0.0;0.0;0.0;0.0
1420;29;429;16;1;0;0;0;0;1;0.0;0.0;0.0;0.0;0.0;0.0;0.0;0.0;0.0;0.0
1421;3;503;16;1;0;0;0;1;0;0.0;0.0;0.0;0.0;0.0;0.0;0.0;0.0;0.0;0.0
1422;5;505;16;1;0;0;0;1;0;0.0;0.0;0.0;0.0;0.0;0.0;0.0;0.0;0.0;0.0
1423;23;523;16;1;0;0;0;0;1;0.0;0.0;0.0;0.0;0.0;0.0;0.0;0.0;0.0;0.0
1424;24;524;16;1;0;0;0;1;0;0.0;0.0;0.0;0.0;0.0;0.0;0.0;0.0;0.0;0.0
1425;41;541;16;1;0;0;0;1;0;0.0;0.0;0.0;0.0;0.0;0.0;0.0;0.0;0.0;0.0
1426;49;549;16;1;0;0;0;1;0;0.0;0.0;0.0;0.0;0.0;0.0;0.0;0.0;0.0;0.0
1427;94;594;16;1;0;0;0;1;0;0.0;0.0;0.0;0.0;0.0;0.0;0.0;0.0;0.0;0.0
1428;20;620;16;1;0;0;0;0;1;0.0;0.0;0.0;0.0;0.0;0.0;0.0;0.0;0.0;0.0
1429;70;670;16;1;0;0;0;1;0;0.0;0.0;0.0;1.0;0.0;0.0;0.0;0.0;0.0;0.0
1430;93;693;16;1;0;0;0;1;0;0.0;0.0;0.0;0.0;0.0;0.0;0.0;0.0;0.0;0.0
1431;16;716;16;1;0;0;0;1;0;1.0;0.0;0.0;0.0;1.0;0.0;0.0;0.0;0.0;0.0
1432;32;732;16;1;0;0;0;1;0;1.0;0.0;0.0;0.0;1.0;0.0;0.0;0.0;0.0;0.0
1433;64;764;16;1;0;0;1;0;0;0.0;0.0;0.0;0.0;0.0;0.0;0.0;0.0;0.0;0.0
1434;80;780;16;1;0;0;0;0;1;0.0;0.0;0.0;0.0;0.0;0.0;0.0;0.0;0.0;0.0
1435;98;798;16;1;0;0;0;0;1;1.0;0.0;0.0;0.0;1.0;0.0;0.0;0.0;0.0;0.0
1436;0;800;16;0;1;0;0;0;1;1.0;0.0;0.0;0.0;1.0;0.0;0.0;0.0;0.0;0.0
1437;12;812;16;0;1;0;0;1;0;0.0;0.0;0.0;0.0;1.0;1.0;1.0;0.0;0.0;0.0
1438;62;962;16;0;1;0;0;0;1;0.0;0.0;1.0;0.0;0.0;1.0;0.0;0.0;0.0;0.0
1439;23;1023;16;0;1;0;0;1;0;0.0;0.0;0.0;0.0;0.0;0.0;0.0;0.0;0.0;0.0
1440;47;1047;16;0;1;0;0;1;0;0.0;0.0;0.0;0.0;0.0;0.0;0.0;0.0;0.0;0.0
1441;17;1117;16;0;1;0;0;1;0;1.0;0.0;0.0;0.0;1.0;0.0;0.0;0.0;0.0;0.0
1442;48;1148;16;0;1;0;0;1;0;1.0;0.0;0.0;0.0;1.0;0.0;0.0;0.0;0.0;0.0
1443;64;1164;16;0;1;0;0;1;0;1.0;0.0;0.0;0.0;1.0;0.0;0.0;0.0;0.0;0.0
1444;83;1183;16;0;1;0;0;1;0;1.0;0.0;0.0;0.0;1.0;0.0;0.0;0.0;0.0;0.0
1445;98;1198;16;0;1;0;0;0;1;0.0;0.0;1.0;0.0;0.0;1.0;0.0;0.0;0.0;0.0
1446;78;778;17;1;0;0;0;1;0;0.0;0.0;0.0;0.0;0.0;0.0;0.0;0.0;0.0;0.0
